last_name, first_name,player_id,year,p_formatted_ip,p_ab,p_total_hits,p_home_run,p_strikeout,p_walk,p_k_percent,p_bb_percent,p_earned_run,p_save,p_win,p_era,p_opp_batting_avg,p_quality_start,p_hit_by_pitch,p_sac_fly,xba,xslg,xobp,xiso,exit_velocity_avg,sweet_spot_percent,barrel_batted_rate,solidcontact_percent,hard_hit_percent,whiff_percent,n_fastball_formatted,fastball_avg_speed,fastball_avg_spin,n_breaking_formatted,breaking_avg_spin,breaking_avg_break,n_offspeed_formatted,offspeed_avg_speed,offspeed_avg_spin,offspeed_avg_break,
Wainwright, Adam,425794,2019,171.2,662,181,22,153,64,20.5,8.6,80,0,14,4.19,.273,14,8,5,.258,.419,.331,.160,88.9,32.1,6.5,5,39.2,19,61.1,88,2238,36.8,2752,22.1,2,83.9,1769,16.9,
Greinke, Zack,425844,2019,208.2,767,175,21,187,30,23.1,3.7,68,0,18,2.93,.228,24,4,4,.238,.388,.270,.150,87.5,34.1,6.3,6.1,33.3,24.1,46.7,89.9,2318,31,2481,12.3,22.3,87.3,1779,13.2,
Verlander, Justin,434378,2019,223.0,796,137,36,300,42,35.4,5.0,64,0,21,2.58,.172,26,6,2,.180,.336,.226,.156,87.3,30.3,7.2,6.4,33.1,33.6,49.9,94.6,2577,45.9,2690,10.4,4.2,86.9,1866,19.5,
Sanchez, Anibal,434671,2019,166.0,647,153,22,134,58,18.8,8.1,71,0,11,3.85,.236,13,4,2,.249,.418,.314,.169,87,37.8,6.6,5.8,28.3,22.3,63.3,89.3,2251,8.7,2180,5.8,28,82.1,1670,15.9,
Morton, Charlie,450203,2019,194.2,717,154,15,240,57,30.4,7.2,66,0,16,3.05,.215,19,12,3,.216,.336,.285,.120,86.9,34.3,5,6.2,32.8,29.6,59.4,92.8,2237,37.3,2886,20.9,3.3,84.9,2124,20.4,
Lester, Jon,452657,2019,171.2,698,205,26,165,52,21.6,6.8,85,0,13,4.46,.294,14,5,4,.273,.454,.328,.181,88.6,37.1,7.4,5.7,34.7,21,72.7,89.1,2302,15.4,2606,12.6,11.9,84.3,1939,15.3,
Scherzer, Max,453286,2019,172.1,650,144,18,243,33,35.1,4.8,56,0,11,2.92,.222,17,7,2,.203,.336,.250,.133,87.6,35.2,6.6,5.9,35.5,33.8,56.2,94.2,2470,29.4,2472,6.8,14.5,84.3,1551,16.1,
Bailey, Homer,456701,2019,163.1,632,162,21,149,53,21.4,7.6,83,0,13,4.57,.256,13,4,5,.252,.402,.312,.151,90.4,30.4,5.7,6.1,40.2,24.1,50.5,93,2091,23.5,1872,9.1,26,84.2,1122,9.2,
Lynn, Lance,458681,2019,208.1,801,195,21,246,59,28.1,6.7,85,0,16,3.67,.243,20,8,6,.217,.363,.277,.146,87.9,34,5.9,6.2,33.8,28.5,87.5,93.2,2467,9.5,2352,12.6,3,86.9,1811,14.4,
Nova, Ivan,467100,2019,187.0,743,225,30,114,47,14.1,5.8,98,0,11,4.72,.303,11,9,4,.286,.461,.336,.175,88.8,34,7.1,5,38.2,18.4,67.4,91.3,2181,16.8,2257,7.3,15.8,86.2,2000,18.2,
Anderson, Brett,474463,2019,176.0,682,181,20,90,49,12.1,6.6,76,0,13,3.89,.265,17,4,4,.282,.476,.334,.195,89.6,30.5,7.3,5.2,40,17,62.4,90.3,1867,24.1,2386,11.5,13.4,82.6,1481,15.9,
Kershaw, Clayton,477132,2019,178.1,654,145,28,189,41,26.8,5.8,60,0,16,3.03,.222,22,2,1,.222,.378,.269,.156,88.7,30.1,6.6,4.2,34.1,27.4,43.9,90.3,2477,55.5,2606,11.8,0.6,85.2,2210,21.5,
Miley, Wade,489119,2019,167.1,646,164,23,140,61,19.4,8.5,74,0,14,3.98,.254,14,5,5,.237,.372,.307,.135,87.5,29.2,4.5,4.3,32.5,22.8,69.1,88.3,2229,10.3,2425,13.8,20.7,81.2,1869,18.5,
Quintana, Jose,500779,2019,171.0,678,191,20,152,46,20.4,6.2,89,0,13,4.68,.282,14,2,13,.265,.421,.313,.156,90,34.7,5.7,7.2,37.9,20.9,61.8,91.4,2000,27.2,2215,12,11,86.5,1287,13.4,
Minor, Mike,501985,2019,208.1,779,190,30,200,68,23.2,7.9,83,0,14,3.59,.244,16,7,6,.228,.389,.296,.161,86.9,31.6,7,5.4,30.4,26.2,44.6,92.5,2650,30.8,2660,9,24.6,86.2,2287,21.2,
Samardzija, Jeff,502188,2019,181.1,677,152,28,140,49,18.9,6.6,71,0,11,3.52,.225,13,6,4,.252,.464,.308,.211,89.5,34.5,8.3,6.8,37.7,19.9,71.8,90.8,2559,20.5,2455,8.4,7.7,82.3,1451,13.3,
Leake, Mike,502190,2019,197.0,793,227,41,127,27,15.2,3.2,94,0,12,4.29,.286,19,10,3,.293,.516,.324,.223,90.7,31.4,8.8,6.1,42.9,18,58.8,87.6,2131,20.5,2533,11.9,20.7,84,1719,12.9,
Darvish, Yu,506433,2019,178.2,657,140,33,229,56,31.3,7.7,79,0,6,3.98,.213,11,11,4,.223,.396,.294,.173,88.6,32.6,7.4,6.4,37.5,29.8,75.1,90.5,2533,20.7,2690,17.1,4.2,88.1,1426,9.3,
Bumgarner, Madison,518516,2019,207.2,780,191,30,203,43,24.1,5.1,90,0,9,3.90,.245,20,10,5,.253,.456,.300,.203,90.4,35.9,9,5.3,41.8,24.6,76.3,89.6,2441,18.3,2645,12.8,5.4,84.2,1641,15.9,
Kelly, Merrill,518876,2019,183.1,709,184,29,158,57,20.3,7.3,90,0,13,4.42,.260,15,2,5,.270,.490,.326,.220,89.9,33.2,9.5,5.6,40,22.3,65.2,91.3,2403,21.3,2683,15.9,13.4,86,2109,18.5,
Porcello, Rick,519144,2019,174.1,712,198,31,143,45,18.6,5.9,107,0,14,5.52,.278,13,6,1,.258,.473,.308,.215,88.4,34,9.4,6.6,37.6,17.9,57,90.4,2370,31.1,2660,10.6,11.9,80.8,1600,16.2,
Perez, Martin,527048,2019,165.1,659,184,23,135,67,18.3,9.1,94,0,10,5.12,.279,11,3,5,.244,.384,.315,.139,86.2,33.8,5.3,5.3,29.7,21.5,73.1,91.7,2178,4.7,2637,8.5,22.2,85.3,1795,18,
Teheran, Julio,527054,2019,174.2,645,148,22,162,83,21.5,11.0,74,0,10,3.81,.229,15,14,5,.240,.415,.338,.175,89,31.2,6.9,4.5,35.4,22.2,64.4,89.6,2352,27.4,2643,7.4,8.2,83.6,1704,16.8,
Cole, Gerrit,543037,2019,212.1,762,142,29,326,48,39.9,5.9,59,0,20,2.50,.186,26,3,3,.180,.312,.231,.132,87.6,33.2,5.9,8.9,35.5,37.2,54,97.1,2529,38.6,2736,11.2,7.4,88.6,1870,19.5,
DeSclafani, Anthony,543101,2019,166.2,635,151,29,167,49,24.0,7.0,72,0,9,3.89,.238,11,4,3,.228,.392,.288,.164,89.1,33.4,7.1,6.7,38.7,23.5,55.3,94.7,2196,39.4,2217,8.1,5.4,88.5,1535,15.2,
Gray, Sonny,543243,2019,175.1,622,122,17,205,68,29.0,9.6,56,0,11,2.87,.196,17,7,5,.203,.341,.288,.139,88.1,30.1,6.5,4.7,33,28.1,48.7,93.2,2493,46.5,2934,18.5,4.7,89.7,2047,16.3,
Hendricks, Kyle,543294,2019,177.0,675,168,19,150,32,20.5,4.4,68,0,11,3.46,.249,16,9,5,.245,.388,.287,.143,86.5,33.6,5.4,5.2,31.5,22,62.2,86.9,1987,9.8,2784,19.6,28.1,78.6,2115,17.3,
Roark, Tanner,543699,2019,165.1,655,180,28,158,51,21.9,7.1,80,0,10,4.35,.275,8,13,2,.261,.451,.326,.190,89,37.1,8.4,5.4,37.3,20.8,55.5,92,2113,34.6,2436,11.8,9.8,84.1,1701,17.3,
Strasburg, Stephen,544931,2019,209.0,768,161,24,251,56,29.8,6.7,77,0,18,3.32,.210,22,10,4,.210,.336,.273,.126,87.9,29.8,6.1,5.2,33.8,30.5,48.3,93.8,2152,31,2767,15.2,20.7,87.7,1679,15.9,
Bauer, Trevor,545333,2019,213.0,800,184,34,253,82,27.8,9.0,106,0,11,4.48,.230,19,19,5,.224,.403,.310,.179,88.7,33.9,8.6,5.9,37.5,29.3,58.7,91.8,2457,33.6,2626,20,7.7,86,1707,18.2,
Tanaka, Masahiro,547888,2019,182.0,713,186,28,149,40,19.6,5.3,90,0,11,4.45,.261,15,2,4,.258,.425,.299,.167,89,32.6,6,7.2,37.7,23.2,33.7,91.1,2108,39.6,2390,8,26.7,86.8,1589,14,
Ryu, Hyun Jin,547943,2019,182.2,685,160,17,163,24,22.5,3.3,47,0,14,2.32,.234,22,4,2,.248,.367,.278,.120,86.6,32.5,4.7,5.5,30.8,24.7,60,89.4,2064,12.5,2568,18.5,27.5,80,1487,13.9,
Wheeler, Zack,554430,2019,195.1,760,196,22,195,50,23.6,6.0,86,0,11,3.96,.258,18,2,7,.245,.393,.296,.148,87,34.5,5.3,6,32.4,23,59,96.7,2299,29.8,2473,9.5,11.2,88.9,1736,15.9,
Boyd, Matthew,571510,2019,185.1,721,178,39,238,50,30.2,6.3,94,0,9,4.56,.247,14,8,4,.218,.400,.276,.183,89.2,32.2,8.8,4.5,35.3,31.1,53.9,92,2381,40.1,2363,6.5,6,79.1,1956,16.3,
Corbin, Patrick,571578,2019,202.0,746,169,24,238,70,28.5,8.4,73,0,14,3.25,.227,24,3,8,.227,.413,.295,.186,89.9,31.7,9.4,5.9,38.7,31.5,53.7,91.8,2227,40.6,2363,4.3,5.7,81.8,1646,15.1,
Fiers, Mike,571666,2019,184.2,683,166,30,126,53,16.7,7.0,80,0,15,3.90,.243,19,9,5,.244,.434,.306,.190,88,30.2,7.1,4.4,37.8,18.2,52.2,90.3,2301,35.3,2635,16.1,12.5,84.1,1938,18.1,
Mikolas, Miles,571945,2019,184.0,710,193,27,144,32,18.8,4.2,85,0,9,4.16,.272,17,12,7,.271,.443,.314,.172,88.5,33.3,6.3,4.9,36.3,21.5,51.2,93.6,2268,45,2451,11.1,3.9,87.8,1705,15.9,
Stroman, Marcus,573186,2019,184.1,711,183,18,159,58,20.5,7.5,66,0,10,3.22,.257,18,1,2,.240,.368,.298,.127,88.2,27.2,4.1,5.8,35.6,24.4,62.8,91.9,2452,31.8,2833,11.8,5.3,87,1929,15.8,
Ray, Robbie,592662,2019,174.1,642,150,30,235,84,31.5,11.2,84,0,12,4.34,.234,11,5,4,.226,.424,.321,.198,88.9,38.9,10.7,5.9,38.6,32.6,52.7,92.4,2243,47.3,2110,5,,,,,
Syndergaard, Noah,592789,2019,197.2,758,194,24,202,50,24.5,6.1,94,0,10,4.28,.256,17,6,8,.229,.362,.281,.132,86.8,29.8,4.9,4.9,31.2,26.8,59,97.6,2151,24.7,2219,7.7,16.3,91.1,1689,17.8,
Rodriguez, Eduardo,593958,2019,203.1,770,195,24,213,75,24.8,8.7,86,0,19,3.81,.253,16,7,5,.212,.359,.287,.146,86.4,30,5.7,4.8,29.9,27.4,70.7,91.9,2192,5.4,2253,7.2,23.9,87.6,2049,18.6,
deGrom, Jacob,594798,2019,204.0,745,154,19,255,44,31.7,5.5,55,0,11,2.43,.207,23,7,3,.188,.298,.240,.109,86.6,30.3,4.6,5,30.9,31.2,49.2,96.9,2387,35.3,2461,7.6,15.6,90.2,1698,14.5,
Gonzales, Marco,594835,2019,203.0,794,210,23,147,56,17.0,6.5,90,0,16,3.99,.264,19,6,9,.247,.396,.303,.149,88.3,31.5,4.9,7.2,35.2,18,60.1,87.6,2250,15.9,2346,14.8,24.1,81.2,2171,19.7,
Junis, Jakob,596001,2019,175.1,696,192,31,164,58,21.3,7.5,102,0,9,5.24,.276,12,11,5,.270,.478,.334,.208,90.1,35.4,8.6,5.6,41.2,22.6,50.9,91.5,2026,43.7,2490,15.3,5.4,84.6,1336,7.5,
Musgrove, Joe,605397,2019,170.1,662,168,21,157,39,21.9,5.4,84,0,11,4.44,.254,17,9,6,.249,.422,.298,.173,88.9,31.6,6.4,6.6,38.7,24.5,57.9,91.9,2404,31.6,2519,12.1,10.6,85.3,2001,9.2,
Nola, Aaron,605400,2019,202.1,755,176,27,229,80,26.9,9.4,87,0,12,3.87,.233,18,11,2,.235,.394,.317,.159,89.2,32.9,6.8,6.8,39.5,26.5,46.2,92.8,2162,35.2,2574,18.4,18.6,85.8,1570,15.6,
Fried, Max,608331,2019,165.2,644,174,21,173,47,24.6,6.7,74,0,17,4.02,.270,14,5,2,.247,.380,.304,.133,89.2,32.6,4.6,5.3,38.9,25.7,57,93.8,2072,40.7,2737,18,2.4,84.8,1514,13.4,
Giolito, Lucas,608337,2019,176.2,640,131,24,228,57,32.3,8.1,67,0,14,3.41,.205,17,4,3,.214,.368,.283,.154,88.1,37.5,9.4,3.4,34.4,32.4,55,94.2,2333,18.8,2140,9,26.2,81.7,1563,16.3,
Marquez, German,608566,2019,174.0,671,174,29,175,35,24.3,4.9,92,0,12,4.76,.259,11,5,4,.269,.457,.310,.188,91.1,34.4,7.9,5.1,42.9,26.5,52.4,95.4,2207,44.6,2540,4.8,3,87.8,1969,17.5,
Eflin, Zach,621107,2019,163.1,642,172,28,129,48,18.3,6.8,75,0,10,4.13,.268,14,6,3,.234,.399,.293,.165,88.3,29.1,6.9,4.4,33.1,20.2,55.8,93.5,2150,36.3,2271,8.6,7.9,86.7,1785,16.3,
Buehler, Walker,621111,2019,182.1,685,153,20,215,37,29.2,5.0,66,0,14,3.26,.223,17,7,6,.227,.367,.273,.140,89.3,34.5,5.4,7.9,36.4,26.7,73.3,95.9,2491,26.2,2891,15.1,0.5,91.6,1516,14.5,
Berrios, Jose,621244,2019,200.1,774,194,26,195,51,23.2,6.1,82,0,14,3.68,.251,21,9,6,.245,.416,.297,.171,87,34.2,6.5,4.9,32,23.3,55.3,92.7,2156,28.9,2334,17.4,15.9,82.5,1705,15.1,
Castillo, Luis,622491,2019,190.2,688,139,22,226,79,28.9,10.1,72,0,15,3.40,.202,20,7,1,.201,.322,.289,.121,87.2,26.2,5.1,3.8,33.6,35.5,50.6,96.4,2130,16.9,2330,2.1,32.5,87.2,1972,17.3,
Lopez, Reynaldo,625643,2019,184.0,729,203,35,169,65,20.9,8.0,110,0,10,5.38,.278,15,8,5,.259,.469,.326,.210,88.8,36.3,7.6,7.8,38.3,24.7,58.5,95.4,2137,26.6,2109,5.4,14.8,84,1610,16.3,
Hudson, Dakota,641712,2019,174.2,652,160,22,136,86,18.0,11.4,65,1,16,3.35,.245,17,9,7,.263,.421,.356,.159,89.3,31.4,6.8,5.9,38.8,23.6,61.7,93.6,2141,35.6,2364,6,2.6,88.1,1459,14.1,
Keller, Brad,641745,2019,165.1,624,154,15,122,70,17.2,9.9,77,0,7,4.19,.247,14,9,5,.257,.413,.340,.157,89.1,32.5,5.9,6.7,38.6,19.7,67.2,93.3,2221,31.4,2510,8.9,1.4,87.8,1698,10.3,
Alcantara, Sandy,645261,2019,197.1,743,179,23,151,81,18.0,9.7,85,0,6,3.88,.241,14,8,1,.243,.422,.324,.179,87.3,29.9,6.5,6.5,34.3,23.5,57.8,95.5,2374,30.1,2479,6.1,12.1,89.1,1923,17,
Soroka, Mike,647336,2019,174.2,647,153,14,142,41,20.3,5.8,52,0,13,2.68,.236,18,7,2,.255,.387,.307,.132,88.2,32.4,5.1,4.9,37.5,22.5,63.4,92.4,2231,24.3,2776,7.8,12.4,81.2,2178,19.1,
Flaherty, Jack,656427,2019,196.1,704,135,25,231,55,29.9,7.1,60,0,11,2.75,.192,20,7,3,.206,.347,.270,.141,86.5,31.7,6.5,5.8,29.7,30.7,58.5,93.8,2183,39.4,2426,11.1,2,86.2,1704,13.7,
Lucchesi, Joey,664192,2019,163.2,619,144,23,158,56,23.0,8.2,76,0,10,4.18,.233,11,2,4,.227,.390,.293,.163,88.3,30.9,7.4,6.4,36.2,25.3,64.9,90.2,2219,35.1,2091,3,,,,,
Bieber, Shane,669456,2019,214.1,810,186,31,259,40,30.2,4.7,78,0,15,3.28,.230,24,6,1,.230,.406,.271,.176,90.6,32.5,8.5,6,43.3,30.6,45.8,93.1,2254,47,2341,7.2,7.3,87.6,1725,17.5,
Dickey, R.A.,285079,2017,190.0,726,193,26,136,67,16.7,8.2,90,0,10,4.26,.266,18,10,5,.249,.387,.321,.137,86.2,30.9,4.3,6,30.8,20.5,17.3,83.6,1878,82.7,1530,9.5,,,,,
Lackey, John,407793,2017,170.2,654,165,36,149,53,20.4,7.3,87,0,12,4.59,.252,12,12,9,.263,.456,.328,.193,88.2,34.8,6.8,7.9,36,23,87.9,87.5,2163,7.4,2283,8.7,4.6,83.5,1647,17.7,
Greinke, Zack,425844,2017,202.1,749,172,25,215,45,26.8,5.6,72,0,17,3.20,.230,19,0,3,.223,.392,.268,.169,87.3,31.6,7.4,6.1,30.9,28.9,48.2,90.8,2382,35.6,2594,11.4,16.1,87.1,1821,15.3,
Santana, Ervin,429722,2017,211.1,786,177,31,167,61,19.3,7.1,77,0,16,3.28,.225,20,8,4,.233,.393,.294,.160,86,29.8,5.9,4,30.1,23.2,52.9,92.8,2196,36.9,2372,10.7,10.2,85.8,1516,20.1,
Verlander, Justin,434378,2017,206.0,768,170,27,219,72,25.8,8.5,77,0,15,3.36,.221,23,4,4,.240,.419,.309,.179,87.6,37.4,7.2,5.8,35.6,23.6,58.4,95.3,2540,37.5,2646,10.3,4.1,87.6,1813,18.8,
Hammel, Jason,434628,2017,180.1,737,209,26,145,48,18.0,6.0,106,0,8,5.29,.284,14,9,10,.275,.469,.326,.194,88.2,35.5,7.1,7,33.7,21.5,50.1,92.1,2178,46.4,2435,6.9,3.6,85.1,1764,19.1,
Nolasco, Ricky,445060,2017,181.0,716,205,35,143,58,18.2,7.4,99,0,6,4.92,.286,12,3,3,.290,.515,.345,.225,90,36.6,8.4,5.3,40,25.2,48.4,90.9,2055,36.6,2382,9.8,15,80.9,1379,13.5,
Kluber, Corey,446372,2017,203.2,732,141,21,265,36,34.1,4.6,51,0,18,2.25,.193,22,5,1,.204,.322,.246,.118,85.3,33.8,5.3,4.9,29.2,33.6,65.8,91.3,2380,28.1,2589,14.7,6.1,85.8,1707,14.8,
Vargas, Jason,450306,2017,179.2,685,181,27,134,58,17.7,7.7,83,0,18,4.16,.264,16,5,6,.255,.432,.317,.177,87,33.8,5.5,7.2,32.7,23.5,47.2,85.6,2197,20.3,2491,17.7,32.4,79.5,2278,17.4,
Lester, Jon,452657,2017,180.2,691,179,26,180,60,23.6,7.9,87,0,13,4.33,.259,18,4,4,.239,.388,.305,.149,86.3,34.1,5.4,5.6,29.5,25,78.4,89.9,2223,13.1,2512,11.8,8.5,84.6,1743,15.3,
Scherzer, Max,453286,2017,200.2,709,126,22,268,55,34.4,7.1,56,0,16,2.51,.178,22,11,1,.176,.303,.245,.126,86.5,31.4,5.6,6.1,29.5,32.1,56.3,93.2,2495,29.4,2433,8.4,14.3,84.6,1519,15.1,
Richard, Clayton,453385,2017,197.1,780,240,24,151,59,17.6,6.9,105,0,8,4.79,.308,14,8,5,.276,.406,.332,.131,87.4,29.1,4.4,3.4,33.2,19.6,68.7,90.5,2090,20.3,2211,6.6,11,83.7,1848,15.7,
Arrieta, Jake,453562,2017,168.1,637,150,23,163,55,23.1,7.8,66,0,14,3.53,.235,16,10,4,.240,.399,.309,.159,87.4,31.5,5.8,5.2,33.1,21.1,63.4,92.2,2260,28.3,2578,13.4,8.3,87.3,1800,16.1,
Lynn, Lance,458681,2017,186.1,676,151,27,153,78,19.7,10.1,71,0,11,3.43,.223,18,10,3,.232,.394,.322,.161,86.6,32.3,5.8,4.9,27.5,22.5,89.9,91.3,2316,4.8,2184,9.8,5.3,86,1987,17.1,
Gonzalez, Gio,461829,2017,201.0,731,158,21,188,79,22.7,9.6,66,0,15,2.96,.216,22,7,3,.225,.360,.306,.136,86.1,29.5,4.9,4.5,27.9,22.1,56.6,89.7,2208,24.7,2708,18.4,18.7,83,1676,16.9,
Estrada, Marco,462136,2017,186.0,726,186,31,176,71,21.8,8.8,103,0,10,4.98,.256,17,2,6,.228,.405,.296,.177,87,30.8,7,5,30.2,24.1,60.4,89.5,2401,7.7,2662,12.5,31.9,77.5,2125,23.8,
Nova, Ivan,467100,2017,187.0,732,203,29,131,36,16.7,4.6,86,0,11,4.14,.277,17,7,3,.271,.461,.311,.190,89.5,33.9,6.5,6.4,36.8,17.9,68,92.8,2193,22.1,2352,6.5,9.8,86.4,1965,19.8,
Chacin, Jhoulys,468504,2017,180.1,667,157,19,153,72,20.0,9.4,78,0,13,3.89,.235,16,14,6,.237,.378,.322,.141,86.3,29.1,5.7,2.3,28.4,20.1,54.7,91.2,2146,39.3,2482,14,6,83.3,1503,17.6,
Carrasco, Carlos,471911,2017,200.0,735,173,21,226,46,28.3,5.8,73,0,18,3.29,.235,19,10,6,.234,.387,.288,.153,87.4,34.1,7.4,5,34.6,29.6,49.3,94.2,2228,34.6,2588,6.1,16.1,88.4,1485,13.4,
Hellickson, Jeremy,476451,2017,164.0,628,160,35,96,47,13.8,6.8,99,0,8,5.43,.255,13,8,7,.272,.480,.330,.208,87.8,35.3,6.4,7.7,34.7,18.1,57.1,89.4,2143,12.6,2924,16.4,30.3,81.3,1830,16,
Kershaw, Clayton,477132,2017,175.0,641,136,23,202,30,29.7,4.4,45,0,18,2.31,.212,20,0,3,.207,.354,.242,.146,85.3,30.5,6.3,4.3,27.1,29.8,47.7,92.9,2340,51.3,2435,13.5,1,85.9,2171,25,
Cashner, Andrew,488768,2017,166.2,624,156,15,86,64,12.2,9.1,63,0,11,3.40,.250,18,9,5,.275,.403,.349,.127,87.1,32.3,3.9,4.4,32.3,14.9,66.9,93.2,2104,19.6,2120,8.1,13.5,84.9,1495,17.1,
Quintana, Jose,500779,2017,188.2,715,170,23,207,61,26.2,7.7,87,0,11,4.15,.238,18,10,3,.242,.399,.310,.157,87.6,36.3,5.9,8,35.7,21.3,62.8,92.1,2029,28.1,2187,12.2,9,86.1,1329,15.4,
Archer, Chris,502042,2017,201.0,784,193,27,249,60,29.2,7.0,91,0,10,4.07,.246,20,5,2,.232,.389,.291,.156,89.5,34.8,6.1,7.6,40,30.3,47.4,95.5,2249,44.5,2546,4.7,8,85.9,1766,17,
Cobb, Alex,502171,2017,179.1,689,175,22,128,44,17.3,5.9,73,0,12,3.66,.254,15,6,1,.269,.431,.318,.162,88.2,31.6,6,5.9,35.1,16.9,51.7,91.7,2101,34.1,2536,16.4,14.3,85.6,1599,19.8,
Samardzija, Jeff,502188,2017,207.2,801,204,30,205,32,24.2,3.8,102,0,9,4.42,.255,20,6,4,.247,.424,.281,.176,87.4,36.1,6.3,6,33.6,22.4,58.3,93.9,2474,33.4,2392,9.9,8.3,86.7,1690,15.6,
Leake, Mike,502190,2017,186.0,724,201,20,130,37,16.6,4.7,81,0,10,3.92,.278,18,9,6,.267,.423,.309,.155,87.7,30.7,5.1,5.9,36.4,18.4,67.5,89.8,2075,20.6,2510,10.6,11.9,84.5,1770,16.4,
Darvish, Yu,506433,2017,186.2,697,159,27,209,58,27.3,7.6,80,0,10,3.86,.228,19,6,3,.232,.374,.296,.143,86.2,35.7,6.3,5.7,31.4,27.9,66.6,93,2489,30.8,2633,17.5,2.6,87.7,1823,13.2,
Moore, Matt,519043,2017,174.1,706,200,27,148,67,18.7,8.5,107,0,6,5.52,.283,14,7,4,.273,.505,.342,.231,89.6,36.4,9,7.2,40.3,19.5,66.4,91.3,2238,17.7,2394,7.7,15.9,83.1,1727,18.9,
Nelson, Jimmy,519076,2017,175.1,665,171,16,199,48,27.3,6.6,68,0,12,3.49,.257,17,9,2,.233,.354,.293,.121,85.9,32,4,6.6,31.4,25.2,61.3,93.9,2213,36.1,2548,10.6,2.7,87.6,1561,9.8,
Pomeranz, Drew,519141,2017,173.2,659,166,19,174,69,23.5,9.3,64,0,17,3.32,.252,17,4,6,.244,.402,.316,.158,87.9,32.7,6.7,5.9,35.7,24,61.6,90.9,2353,37,2204,17.5,1.4,81.1,1697,18.3,
Porcello, Rick,519144,2017,203.1,824,236,38,181,48,20.5,5.4,105,0,11,4.65,.286,19,6,6,.270,.477,.314,.208,88.2,36.5,8.2,6.2,35.5,21.1,59.2,91.1,2389,32.5,2671,12.3,8.3,80.3,1621,17.5,
Sale, Chris,519242,2017,214.1,794,165,24,308,43,36.2,5.1,69,0,17,2.90,.208,23,8,4,.193,.335,.242,.142,86.8,35.8,6.1,6.7,30.5,31.7,48.3,94.5,2305,32.9,2395,13.7,18.8,86.8,2016,19.9,
Perez, Martin,527048,2017,185.0,735,221,23,115,63,14.2,7.8,99,0,13,4.82,.301,16,6,3,.295,.467,.356,.171,87.1,35.7,5.4,5.7,32.4,17.9,58.7,93.1,2048,20.9,2455,7.8,20.4,84.6,1780,17.8,
Teheran, Julio,527054,2017,188.1,723,186,31,151,72,18.6,8.9,94,0,11,4.49,.257,20,7,3,.251,.420,.324,.170,87.2,30.6,6.4,5,30.5,21.5,64.8,91.3,2229,28.7,2503,8.8,6.5,81.9,1595,17.9,
Cole, Gerrit,543037,2017,203.0,784,199,31,196,55,23.1,6.5,96,0,12,4.26,.254,20,4,1,.254,.423,.306,.169,86.3,34,7.6,4,34.4,21.7,60.2,95.8,2149,29.5,2528,9.3,10.3,88.5,1631,19.3,
Gray, Sonny,543243,2017,162.1,615,139,19,153,57,22.6,8.4,64,0,10,3.55,.226,17,3,2,.243,.401,.310,.158,87.4,29.5,6.2,4.7,38.6,27.2,60.7,92.7,2279,30,2866,13.2,9.4,89.5,1827,14.7,
Roark, Tanner,543699,2017,181.1,701,178,23,166,64,21.4,8.2,94,0,13,4.67,.254,17,6,2,.255,.401,.322,.146,86.9,34.8,5.4,3.9,33.1,23.3,56.4,92.3,2058,31.5,2511,13.9,12.2,83.7,1757,17.5,
Strasburg, Stephen,544931,2017,175.1,641,131,13,204,47,29.1,6.7,49,0,15,2.52,.204,20,7,4,.200,.325,.262,.125,87.3,28.2,6.1,5,32,27.7,54.8,95.3,2164,27.7,2707,14.5,17.5,88.6,1745,17.2,
Bauer, Trevor,545333,2017,176.1,680,181,25,196,60,26.2,8.0,82,0,17,4.19,.266,15,5,3,.249,.418,.314,.170,89.4,36.1,7.8,5.1,39.2,23.7,61.1,92.5,2325,31.2,2546,17.6,7.7,86.8,1646,17,
Tanaka, Masahiro,547888,2017,178.1,700,180,35,194,41,25.8,5.5,94,0,13,4.74,.257,17,7,2,.242,.434,.290,.192,88.1,33.8,8.4,6.3,36.7,31.1,37.6,91.5,2153,37.4,2377,7.8,25,87.6,1496,13.9,
Urena, Jose,570632,2017,169.2,638,152,26,113,64,15.6,8.8,72,0,14,3.82,.238,12,14,3,.260,.455,.339,.196,86.4,34.3,8.6,4.5,30.9,19.8,54.7,95.6,2164,23.8,2305,10,21.5,88.6,1807,19.2,
Corbin, Patrick,571578,2017,189.2,753,208,26,178,61,21.5,7.4,85,0,14,4.03,.276,19,3,5,.261,.422,.318,.160,87.9,30.1,6.7,3.1,35.6,25.3,53.3,92.2,2269,37.6,2359,7.7,9.1,83.5,1797,16.1,
Straily, Dan,573185,2017,181.2,687,176,31,170,60,22.1,7.8,86,0,10,4.26,.256,12,5,7,.233,.407,.297,.173,87.1,32.4,6.7,5.1,29.1,26.4,50.5,90.4,2230,32.1,2408,9.2,17.4,83.4,1408,14.3,
Stroman, Marcus,573186,2017,201.0,762,201,21,164,62,19.7,7.4,69,0,13,3.09,.264,20,6,4,.261,.392,.321,.131,88.7,24.3,5.1,4,38.4,23.6,66.1,93.2,2274,27.9,2735,12.1,6,82.7,1680,17.3,
Gausman, Kevin,592332,2017,186.2,736,208,29,179,71,21.9,8.7,97,0,11,4.68,.283,15,5,3,.270,.449,.338,.180,87.7,37.6,8.2,4.3,33.7,25.8,64.2,94.9,2249,13.9,2291,5.1,21.9,85,1602,17.8,
Ray, Robbie,592662,2017,162.0,582,116,23,218,71,32.8,10.7,52,0,15,2.89,.199,16,5,3,.215,.369,.306,.154,89.9,31.5,6.2,7.3,41,34.2,59.2,94.1,2276,40.8,2067,6.6,,,,,
Martinez, Carlos,593372,2017,205.0,772,179,27,217,71,25.3,8.3,83,0,12,3.64,.232,20,8,2,.220,.350,.292,.130,87,30.5,4.8,5,33.3,24.4,55.5,95.6,2049,27.5,2183,10.8,16.9,87.8,1988,17.6,
deGrom, Jacob,594798,2017,201.1,758,180,28,239,59,28.9,7.1,79,0,15,3.53,.237,21,2,5,.218,.348,.277,.130,86.3,32.1,5.9,3.8,28.8,29.1,55.3,95.1,2343,32.2,2480,6.9,12.4,87.7,1793,17.2,
Bundy, Dylan,605164,2017,169.2,633,152,26,152,51,21.8,7.3,80,0,13,4.24,.240,19,7,7,.240,.434,.304,.195,88.8,34.2,7.8,6.1,36.5,25.3,53.7,92.1,2469,32.8,2403,8.8,13.5,83.6,1754,19.1,
Davies, Zach,605200,2017,191.1,741,204,20,124,55,15.2,6.7,83,0,17,3.90,.275,15,9,5,.285,.426,.342,.142,86.2,34,4,4.8,31.1,17.7,70.6,89.1,2135,15.5,2603,16.2,14,79.4,1795,19.1,
Fulmer, Michael,605242,2017,164.2,617,150,13,114,40,16.9,5.9,70,0,10,3.83,.243,18,8,8,.256,.402,.308,.146,86.1,32.5,4.9,5.1,29.4,21.3,59.7,95.8,2065,21.5,2377,8.7,18.8,87.8,1748,14,
Nola, Aaron,605400,2017,168.0,640,154,18,184,49,26.6,7.1,66,0,12,3.54,.241,17,2,0,.224,.358,.281,.134,85.7,33.4,5,4.4,31,26.1,53.7,91.9,2074,30.8,2544,21.1,15.5,83.8,1435,13.5,
Perdomo, Luis,606131,2017,163.2,638,182,17,118,65,16.5,9.1,85,0,8,4.67,.285,16,8,2,.268,.416,.343,.148,88,26.5,5,3.8,36.4,21.2,62.8,94,1955,32,2338,6.1,5.1,87.2,1488,19.1,
Wacha, Michael,608379,2017,165.2,636,170,17,158,55,22.5,7.8,76,0,12,4.13,.267,15,3,4,.247,.386,.308,.139,87.2,32.4,5.6,3.9,29.9,22.9,70,94.1,2155,11.5,2234,14.8,18.5,87.8,1702,16.1,
Marquez, German,608566,2017,162.0,634,174,25,147,49,21.0,7.0,79,0,11,4.39,.274,14,8,4,.257,.430,.318,.173,88.7,31.3,7.1,5.2,35.8,20.5,65.8,94.9,2171,29.2,2589,11.4,5,85.6,1682,14,
Blach, Ty,621389,2017,163.2,633,179,17,73,43,10.5,6.2,87,0,8,4.78,.283,13,1,5,.287,.442,.332,.155,86.9,32.7,3.7,7,33,15.4,60.1,90.1,2104,16.2,2231,7,23.7,80.2,1990,22.6,
Severino, Luis,622663,2017,193.1,720,150,21,230,51,29.4,6.5,64,0,14,2.98,.208,21,6,2,.215,.339,.273,.124,87.2,29.7,6.1,3.2,33.5,28.1,51.3,97.5,2301,35.1,2689,7.6,13.6,87.2,1671,18.5,
Colon, Bartolo,112526,2015,194.2,771,217,25,136,24,16.7,2.9,90,0,14,4.16,.281,19,4,7,.265,.421,.290,.157,88.9,34.1,5.4,5.1,35,14.4,82.4,88.9,2161,10,2164,7,7.6,82.6,1727,18.6,
Burnett, A.J.,150359,2015,164.0,633,174,11,143,49,20.5,7.0,58,0,9,3.18,.275,17,11,4,.255,.396,.318,.141,89.8,30.4,4.8,4.8,39.5,21.1,61.8,91.6,2009,29.4,2023,8.6,8.8,86.3,1678,14.3,
Buehrle, Mark,279824,2015,198.2,768,214,22,91,33,11.0,4.0,84,0,15,3.81,.279,19,7,9,.281,.450,.314,.169,87.1,33.3,4.9,6.5,33.5,11.7,70.5,82.9,1996,8.5,2137,10.7,21,78.8,1624,15.9,
Sabathia, CC,282332,2015,167.1,659,188,28,137,50,18.9,6.9,88,0,6,4.73,.285,11,6,6,.250,.373,.307,.123,87.8,29.1,4.1,5.4,31.4,21.4,63.4,90.2,2075,22.5,1823,12,14.1,83.9,1950,15.6,
Dickey, R.A.,285079,2015,214.1,798,195,25,126,61,14.3,6.9,93,0,11,3.91,.244,20,11,11,.252,.395,.312,.143,87.4,32.7,4.4,5.4,30.7,19.5,11.2,82.3,1810,88.8,1359,10.2,,,,,
Lackey, John,407793,2015,218.0,824,211,21,175,53,19.5,5.9,67,0,13,2.77,.256,26,4,4,.233,.366,.282,.132,88.3,29.4,5.6,3,32.8,20.1,87.5,90.2,2139,9.7,2077,7.3,2.8,84.3,1956,20.3,
Lewis, Colby,407890,2015,204.2,793,211,26,142,42,16.5,4.9,106,0,17,4.66,.266,20,11,11,.263,.442,.308,.178,89.4,35.1,6.8,6.3,35.5,19.6,50.2,88.5,2272,43.1,2078,9,6.8,83.8,1961,21.4,
Harang, Aaron,421685,2015,172.1,681,189,26,108,51,14.4,6.8,93,0,6,4.86,.278,13,6,2,.264,.460,.321,.196,90.2,35.5,7,6.3,37.4,16.9,67.8,89.8,2301,22,2005,6.1,10.2,84.1,1640,19.2,
Greinke, Zack,425844,2015,222.2,790,148,14,200,40,23.7,4.7,41,0,19,1.66,.187,30,5,2,.206,.310,.248,.104,87.3,28.1,4,3.2,28.4,26.8,53.5,92.3,2367,28.1,2371,9.4,18.4,88.7,1741,14.1,
Haren, Dan,429717,2015,187.1,709,174,31,132,38,17.2,4.9,75,0,11,3.60,.245,17,8,5,.245,.417,.290,.172,88.2,33.4,6.4,5.9,34.1,15.4,82.2,85.2,2162,14.4,2212,7.6,3.4,81.7,1383,14.6,
Simon, Alfredo,430580,2015,187.0,729,201,24,117,68,14.3,8.3,105,0,13,5.05,.276,12,8,6,.263,.441,.333,.177,89.7,30.9,6.1,7.3,40.5,18.6,56,92.7,2120,9.1,2169,10.1,34.8,85.2,1566,16.4,
Hamels, Cole,430935,2015,212.1,800,190,22,215,62,24.4,7.0,86,0,13,3.65,.238,21,10,2,.228,.347,.291,.119,87.7,30.7,4.4,5.7,33.7,28.1,64.1,92.3,2082,12.2,2235,12.6,23.7,84.9,1721,18.9,
Kazmir, Scott,431148,2015,183.0,684,162,20,155,59,20.3,7.7,63,0,7,3.10,.237,16,9,6,.244,.392,.313,.148,87.4,35.4,5.2,5.2,34.3,23.1,70.5,91.1,2189,11.5,1869,5.4,18,76.4,1388,17.9,
Danks, John,433579,2015,177.2,695,195,24,124,56,16.1,7.3,93,0,7,4.71,.281,15,3,6,.243,.392,.300,.149,87.3,32,5.1,6,31.1,19.9,58.2,89.2,2345,12.6,1783,7,29.1,81.5,1786,20.2,
Hernandez, Felix,433587,2015,201.2,750,180,23,191,58,23.1,7.0,79,0,18,3.53,.240,20,9,4,.229,.345,.291,.116,88.7,27,4.2,4.9,35.6,24.6,46.7,92.3,1923,28.1,2356,13.5,25.3,88.5,1779,13.3,
Liriano, Francisco,434538,2015,186.2,695,155,15,205,70,26.5,9.1,70,0,12,3.38,.223,20,5,1,.224,.337,.300,.113,85.8,33.7,4.3,4.1,28.6,32.9,46.9,93,2027,32.7,2055,6.5,20.3,85,1784,17.3,
Jimenez, Ubaldo,434622,2015,184.0,707,182,20,168,68,21.2,8.6,84,0,12,4.11,.257,14,11,4,.239,.358,.314,.119,87.8,32.2,4.2,5,32,21.2,63.7,91,2060,19.5,2282,12.1,16.8,84.7,1440,15.7,
Hammel, Jason,434628,2015,170.2,654,158,23,172,40,24.2,5.6,71,0,10,3.74,.242,12,6,6,.251,.416,.299,.166,88.8,37.2,7.1,5.9,36.6,24.7,53.6,92.8,2147,41.9,2072,6.7,4.5,85.6,1715,19.2,
Kluber, Corey,446372,2015,222.0,819,189,22,245,45,27.7,5.1,86,0,9,3.49,.231,19,11,4,.225,.362,.274,.137,87.9,33.2,5.6,6,32.6,26.9,53,93.4,2253,42.2,2438,11.4,4.8,85.6,1743,15.7,
Shields, James,448306,2015,202.1,763,189,33,216,81,25.1,9.4,88,0,13,3.91,.248,19,9,1,.230,.377,.311,.147,89.1,31.2,5.6,4,38,28.5,59.4,90,2258,19.2,2442,10.7,21.4,84.9,1737,17.3,
Volquez, Edinson,450172,2015,200.1,758,190,16,155,72,18.2,8.5,79,0,13,3.55,.251,19,8,7,.258,.409,.327,.151,88.5,32.7,5.9,5.2,33.7,22.3,51.2,94.3,2308,23.7,2631,9.8,25.1,85.2,1280,15.1,
Gallardo, Yovani,451596,2015,184.1,720,193,15,121,68,15.3,8.6,70,0,13,3.42,.268,12,1,3,.269,.384,.333,.115,88.2,33,2.8,5,34.6,16.9,50.5,91.1,2085,43.6,2225,11.6,5.9,85.7,1889,20.4,
Lester, Jon,452657,2015,205.0,764,183,16,207,47,25.0,5.7,76,0,11,3.34,.240,21,7,4,.222,.337,.272,.116,87.1,31.3,4.4,3.5,28.6,24.2,79.8,91.2,2213,15.4,2360,11.9,4.8,85.1,1653,15.9,
Kennedy, Ian,453178,2015,168.1,644,166,31,174,52,24.4,7.3,80,0,9,4.28,.258,17,7,2,.246,.431,.308,.185,89.5,35.6,8.3,7.1,40.5,24.9,62.1,91.9,2359,23.2,2264,12.3,14.7,83.9,1880,18.8,
Scherzer, Max,453286,2015,228.2,847,176,27,276,34,30.7,3.8,71,0,14,2.79,.208,23,5,2,.200,.335,.235,.136,87.1,33.2,5.8,5.7,30.1,30.7,60.8,94.7,2493,26.1,2209,5.5,13.1,85.4,1474,17.5,
Arrieta, Jake,453562,2015,229.0,811,150,10,236,48,27.1,5.5,45,0,22,1.77,.185,29,6,1,.199,.276,.248,.078,85.1,27.6,2.2,3.6,25,25,51.1,95.3,2273,44.2,2411,10.9,4.6,89.5,1944,19.5,
Price, David,456034,2015,220.1,826,190,17,225,47,25.3,5.3,60,0,18,2.45,.230,24,3,8,.226,.349,.271,.123,87.4,34.1,4.6,5.9,31.4,25.4,69.3,93.7,2216,8.1,2045,11.9,22.6,85.8,1975,20.4,
Cueto, Johnny,456501,2015,212.0,803,194,21,176,46,20.3,5.3,81,0,11,3.44,.242,19,8,4,.234,.375,.282,.141,86.7,31.9,4.9,5,33.1,21.8,72.9,91.8,2264,10.6,2098,6.6,16.5,84,1558,14.3,
Happ, J.A.,457918,2015,172.0,668,173,16,151,45,21.1,6.3,69,0,11,3.61,.259,16,2,0,.250,.380,.299,.131,89.4,34.9,4.6,5.8,38,19.8,67.1,92.4,2339,23.9,2166,7.7,9,85.6,1829,19.4,
Lynn, Lance,458681,2015,175.1,667,172,13,167,68,22.2,9.1,59,0,12,3.03,.258,19,5,2,.224,.356,.300,.132,88.9,29,4.9,5.3,32.6,21,84.9,92.4,2349,12.6,2201,9.7,2.5,84.9,1903,17.5,
Pelfrey, Mike,460059,2015,164.2,651,198,11,86,45,12.0,6.3,78,0,6,4.26,.304,12,12,3,.289,.426,.346,.137,88.3,33.1,4.6,3.9,37.5,13.9,73.3,93.9,1909,12.6,1852,8.2,14.1,81.4,781,10.2,
Gonzalez, Gio,461829,2015,175.2,673,181,8,169,69,22.3,9.1,74,0,11,3.79,.269,16,4,9,.234,.360,.307,.125,88.1,28.9,4.8,5.6,34.9,23.1,65.5,92.6,2204,18.4,2814,16.9,16.1,84.5,1672,16.7,
Estrada, Marco,462136,2015,181.0,659,134,24,131,55,18.1,7.6,63,0,13,3.13,.203,16,5,3,.216,.369,.281,.153,87.8,31,5.3,5.6,31,21.8,61.1,89.7,2352,10.9,2580,12.9,28,79.1,2091,23.3,
Carrasco, Carlos,471911,2015,183.2,675,154,18,216,43,29.6,5.9,74,0,14,3.63,.228,17,5,6,.207,.320,.259,.113,88.7,28.8,4.5,5.4,35.2,28.5,55.7,95.2,2231,23.2,2284,7.5,21.1,89,1734,12.6,
Anderson, Brett,474463,2015,180.1,697,194,18,116,46,15.5,6.1,74,0,10,3.69,.278,18,2,2,.237,.363,.286,.126,88.3,24.9,4.1,6.1,33.2,17.3,52.7,91.2,1806,37.8,2288,11.1,9.5,83.9,1544,15.6,
Ross, Tyson,475115,2015,196.0,725,172,9,212,84,25.8,10.2,71,0,10,3.26,.237,21,8,3,.211,.302,.300,.091,87.4,25,3.3,4.2,33,30,53.2,93.5,2469,45.1,2427,5.7,1.7,89.4,2233,17,
Niese, Jonathon,477003,2015,176.2,686,192,20,113,55,14.7,7.1,81,0,9,4.13,.280,18,9,4,.259,.390,.321,.131,88.4,29.8,4.4,4.6,32.8,14.4,69.4,89.1,2017,17.6,2163,8.5,13,83.3,1347,15.2,
Kershaw, Clayton,477132,2015,232.2,839,163,15,301,42,33.8,4.7,55,0,16,2.13,.194,27,5,0,.188,.268,.231,.081,85.6,29,3.3,3.5,24.8,32.5,54,94.2,2216,45.8,2183,12.5,0.2,88.3,2001,19.7,
Cashner, Andrew,488768,2015,184.2,718,200,19,165,66,20.5,8.2,89,0,6,4.34,.279,18,6,6,.239,.369,.308,.129,88.8,30.5,5.1,4.6,35,19.6,67.9,95.4,2176,22.6,2033,6.6,9.4,86.3,1639,17.6,
Miley, Wade,489119,2015,193.2,758,201,17,147,64,17.7,7.7,96,0,11,4.46,.265,17,4,2,.249,.386,.310,.137,87.4,33.8,4.5,6,31.7,20.9,57.1,91.4,2175,23.4,2178,6.9,19.5,83.6,1956,21.3,
Quintana, Jose,500779,2015,206.1,802,218,16,177,44,20.5,5.1,77,0,9,3.36,.272,25,8,4,.255,.386,.299,.131,88.2,33,4.3,5.1,33.6,21.7,59.2,92,2076,31.3,2042,6.3,9.6,86.4,1344,18.7,
Tillman, Chris,501957,2015,173.0,660,176,20,120,64,16.2,8.6,96,0,11,4.99,.267,14,5,8,.253,.405,.322,.152,89.6,30.1,5.1,5.6,32.6,18.3,65,92,2260,21.4,2113,14,13.6,83.3,1591,19.5,
Archer, Chris,502042,2015,212.0,795,175,19,252,66,29.0,7.6,76,0,12,3.23,.220,19,3,2,.221,.344,.283,.123,89.6,30.9,4.6,6.4,39.2,29.7,53.8,95.8,2187,39.5,1935,7.3,6.8,86.4,1914,18.4,
Gibson, Kyle,502043,2015,194.2,737,186,18,145,65,17.7,7.9,83,0,11,3.84,.252,17,7,6,.249,.385,.314,.136,88.3,29,5,4.6,34.7,22.7,58.2,92.3,2147,22.7,2152,6.8,19.1,84.3,1695,17,
Locke, Jeff,502046,2015,168.1,654,179,15,129,60,17.5,8.2,84,0,8,4.49,.274,10,7,8,.248,.364,.316,.116,87.4,30.6,3.5,4.3,30.2,21.7,61.4,91.9,2000,15.9,1750,9.8,22.7,81.7,1373,15.1,
Samardzija, Jeff,502188,2015,214.0,836,228,29,163,49,17.9,5.4,118,0,11,4.96,.273,15,12,9,.254,.398,.304,.144,88.1,34.7,5.1,4.2,33.1,21.4,63.7,94.1,2461,26.4,2147,6.3,9.9,85.8,1326,17.7,
Leake, Mike,502190,2015,192.0,717,174,22,119,49,15.3,6.3,79,0,11,3.70,.243,19,3,3,.264,.418,.313,.154,88.8,31,5.4,5.8,37.5,14.5,70.4,91.2,2108,22.7,2468,12.8,6.9,86.1,1683,17.5,
Santiago, Hector,502327,2015,180.2,687,156,29,162,71,20.9,9.1,72,0,9,3.59,.227,15,10,4,.223,.405,.304,.182,88.9,32.6,7.9,7.3,36.1,21.4,72.2,90.2,2195,11.2,1900,6.6,16.6,83.5,1945,21,
Salazar, Danny,517593,2015,185.0,690,156,23,195,53,25.8,7.0,71,0,14,3.45,.226,18,7,4,.233,.388,.294,.155,89.6,32.1,6.4,5.6,37.5,25.6,68.4,95.5,2335,12.9,2008,9.4,18.8,86.1,1274,13,
Bumgarner, Madison,518516,2015,218.1,814,181,21,234,39,26.9,4.5,71,0,18,2.93,.222,22,7,4,.216,.338,.258,.123,87.5,31.1,4.8,4.6,32.1,26.8,49.2,92.7,2311,48.7,2227,9.9,2.1,85.5,1626,17.5,
Harvey, Matt,518774,2015,189.1,703,156,18,188,37,24.9,4.9,57,0,13,2.71,.222,21,5,2,.195,.297,.240,.102,87.8,27.9,3.4,3.1,30.6,26.4,61.3,96.6,2332,26.6,2239,6.1,12.1,89,1948,19.9,
Heston, Chris,518790,2015,177.2,667,169,16,141,64,18.9,8.6,78,0,12,3.95,.253,14,13,0,.246,.390,.324,.143,88.5,29.4,4.9,4.2,36.9,22.5,60.8,89.5,2064,27.3,2199,13.6,11.9,82.7,1932,16.5,
Nelson, Jimmy,519076,2015,177.1,663,163,18,148,65,19.7,8.6,81,0,11,4.11,.246,13,13,7,.223,.347,.305,.124,86.9,29.3,4.8,5.7,30.2,22.3,60.5,94.1,2175,38.4,1990,9.2,1.2,85.9,2107,20,
Porcello, Rick,519144,2015,172.0,682,196,25,149,38,20.2,5.2,94,0,9,4.92,.287,15,10,5,.263,.425,.311,.162,88.9,36.9,5.6,5.7,36.8,20.9,65.2,91.6,2437,24,2593,14.7,10.7,82.9,1688,18.1,
Sale, Chris,519242,2015,208.2,794,185,23,274,42,32.1,4.9,79,0,13,3.41,.233,23,13,3,.205,.315,.256,.110,85.9,32.6,4,6.3,27.4,32.7,52.4,95.2,2280,19.6,2204,11.8,28,86.3,2100,21.2,
Zimmermann, Jordan,519455,2015,201.2,774,204,24,164,39,19.7,4.7,82,0,13,3.66,.264,22,8,2,.246,.385,.289,.138,87.3,32.4,3.7,5.2,32.4,19.1,62.1,93.7,2328,37.5,2272,8.6,0.4,88.7,2164,19.5,
De La Rosa, Rubby,523989,2015,188.2,729,193,32,150,63,18.5,7.8,98,0,14,4.67,.265,14,4,5,.246,.394,.308,.148,88.5,28.9,6.1,3,32.9,24.5,60.5,94.8,2263,18.3,1905,5.7,21.2,87,2060,17.4,
Teheran, Julio,527054,2015,200.2,748,189,27,171,73,20.3,8.7,90,0,11,4.04,.253,20,9,3,.261,.419,.334,.157,89.1,33.9,5.3,7.5,37.1,25.8,61.3,91.8,2197,30.6,1941,6.5,8.1,83.3,1507,17.7,
Ramirez, Erasmo,541640,2015,163.1,614,145,16,126,40,18.9,6.0,68,0,11,3.75,.236,9,9,1,.245,.374,.300,.129,88.5,28.2,4.9,4.3,34.5,23.8,55.2,91.5,2219,21.5,2198,9.8,23.3,81.3,1677,16.3,
Cole, Gerrit,543037,2015,208.0,765,183,11,202,44,24.3,5.3,60,0,19,2.60,.239,25,10,6,.239,.367,.289,.128,88.2,34.7,4.3,5.4,35,22.8,67,96.3,2154,29.4,2160,7.5,3.6,88.8,1708,17.9,
DeSclafani, Anthony,543101,2015,184.2,710,194,17,151,55,19.2,7.0,83,0,9,4.05,.273,17,5,5,.245,.380,.303,.135,88.5,31.7,4.9,5.7,35.1,21.5,61.9,93.1,2070,30.9,2037,8.1,7.3,86.3,1630,17.5,
Gray, Sonny,543243,2015,208.0,765,166,17,169,59,20.3,7.1,63,0,14,2.73,.217,22,2,4,.234,.361,.289,.127,88.9,27.6,4.5,4.8,34.7,22.5,62.7,93.5,2336,30.1,2426,12.5,7.1,88.1,1794,15.9,
Hendricks, Kyle,543294,2015,180.0,681,166,17,167,43,22.6,5.8,79,0,8,3.95,.244,11,8,0,.242,.358,.295,.116,88,31.7,3.7,3.8,29.5,20.3,72.5,88.8,2095,7.3,2472,9.2,20.2,80.7,2119,15.2,
Koehler, Tom,543408,2015,187.1,706,180,22,137,77,17.1,9.6,85,0,11,4.08,.255,18,6,5,.244,.405,.322,.161,89.7,29.1,5.7,5.9,37.4,18,57.8,92.7,2091,37.2,2292,12,5,85,1691,18.1,
McHugh, Collin,543521,2015,203.2,788,207,19,171,53,19.9,6.2,88,0,19,3.89,.263,21,9,4,.232,.351,.288,.119,86.1,31.9,3.5,4.8,29.3,23.5,72.3,89,2259,23.5,2545,17.9,4.2,82.8,1620,16.7,
Odorizzi, Jake,543606,2015,169.1,644,149,18,150,46,21.4,6.6,63,0,9,3.35,.231,17,3,3,.240,.413,.293,.173,88.5,33.1,6.2,7.4,34.3,23.2,63.1,90.9,2152,6.9,2051,12.7,30,85.6,1457,16.6,
Bauer, Trevor,545333,2015,176.0,655,152,23,170,79,22.8,10.6,89,0,11,4.55,.232,18,5,1,.225,.369,.313,.145,88.1,31.8,5.9,6.1,34.4,22.6,66.5,92.1,2218,21,2349,11.3,12.5,85.8,1647,16.4,
Ventura, Yordano,570649,2015,163.1,621,154,14,156,58,22.5,8.4,74,0,13,4.08,.248,13,9,4,.228,.364,.303,.136,89.1,30.6,5.3,6.2,33.9,24.3,61.2,96.8,2155,24.2,2550,8.2,14.6,87.9,1425,17.9,
Fiers, Mike,571666,2015,180.1,680,162,24,180,64,23.7,8.4,74,0,7,3.69,.238,15,6,8,.223,.375,.293,.152,87.9,34.6,5.9,4.1,30.5,21.7,68.1,89.2,2184,16.1,2537,19.5,15.8,83.6,1792,18.2,
Miller, Shelby,571946,2015,205.1,769,183,13,171,73,19.9,8.5,69,0,6,3.02,.238,21,6,4,.220,.329,.292,.109,87.1,26.6,3.6,3.3,28.5,21.1,88.1,93,2216,9.6,2178,12.4,2.3,87,1789,18.2,
Richards, Garrett,572070,2015,207.1,768,181,20,176,76,20.3,8.8,84,0,15,3.65,.236,24,5,10,.224,.350,.297,.126,87.3,27.3,4.9,3.8,31.7,25.8,60.8,96.2,2486,39.2,2782,7.7,0,93.2,2416,20.8,
Keuchel, Dallas,572971,2015,232.0,854,185,17,216,51,23.7,5.6,64,0,20,2.48,.217,27,2,3,.222,.315,.267,.094,85.7,25.2,3.3,2.6,28.3,25,66.9,89.6,2060,19.4,2022,9.5,13.7,79.6,1617,20.2,
Walker, Taijuan,592836,2015,169.2,648,163,25,157,40,22.2,5.7,86,0,11,4.56,.252,17,9,5,.248,.423,.298,.175,89.4,35,7.6,5.6,34.1,23.3,74.3,94.3,2130,7.8,1920,13.7,17.9,89.4,1486,16.6,
Martinez, Carlos,593372,2015,179.2,671,168,13,184,63,24.4,8.3,60,0,14,3.01,.250,20,8,4,.224,.336,.297,.113,87.2,28.2,4.6,5.2,34.1,24,56.8,96,2038,25.8,1897,8.6,17.3,87.4,1990,19.3,
deGrom, Jacob,594798,2015,191.0,694,149,16,205,38,27.3,5.1,54,0,14,2.54,.215,23,2,7,.209,.315,.253,.106,87.4,30.2,4,5.3,30.2,27,62.5,95.6,2231,25.4,2268,8.8,12.1,86,1739,16.3,
Wacha, Michael,608379,2015,181.1,687,162,19,153,58,20.1,7.6,68,0,17,3.38,.236,19,6,3,.231,.360,.296,.128,87.6,28.8,4.8,5.1,34.9,21.3,70.8,93.9,2091,12.8,2046,9,16.4,87.1,1518,17.2,
Chen, Wei-Yin,612672,2015,191.1,733,192,28,153,41,19.3,5.2,71,0,11,3.34,.262,20,5,8,.241,.392,.286,.151,87.2,30.2,5.9,5.1,32.4,19,64.3,92,2075,25.4,2110,8.9,10.3,83.4,1488,19.7,
Wood, Alex,622072,2015,189.2,720,198,15,139,59,17.4,7.4,81,0,12,3.84,.275,17,4,3,.262,.393,.321,.131,88.2,31.7,4.3,4.2,33.1,19.5,58.9,89.7,1914,22.1,1768,6.2,18.9,83.6,1815,17.5,
Greinke, Zack,425844,2018,207.2,784,181,28,199,43,23.7,5.1,74,0,15,3.21,.231,21,6,3,.245,.405,.290,.160,88,35.4,6.4,6.3,33.5,25.9,50.1,89.6,2329,28.9,2514,11.6,21,86.5,1738,12.8,
Hamels, Cole,430935,2018,190.2,715,176,29,188,65,23.3,8.1,80,0,9,3.78,.246,16,19,4,.248,.414,.326,.166,88.5,34.2,7.7,5.3,35.1,26.9,62.9,90.7,2071,18.2,2176,9.6,18.9,83.3,1652,16.7,
Verlander, Justin,434378,2018,214.0,781,156,28,290,37,34.8,4.4,60,0,16,2.52,.200,26,8,5,.184,.308,.228,.124,88.5,31.1,6.2,6.6,32.7,31.6,61.8,95,2618,36.8,2767,9.7,1.5,87.4,1899,19.3,
Kluber, Corey,446372,2018,215.0,801,179,25,222,34,26.4,4.0,69,0,20,2.89,.223,25,3,2,.221,.358,.256,.138,87.9,32.1,6.3,5.7,34.3,26.9,71,90.5,2425,22.5,2607,15.6,6.6,85.2,1751,13.4,
Shields, James,448306,2018,204.2,775,190,34,154,78,17.7,9.0,103,0,7,4.53,.245,19,9,7,.261,.465,.335,.204,88.6,36,8.4,6.7,35.4,24.3,62,88.2,2281,19.7,2478,8.2,18.2,83.4,1665,16.1,
Morton, Charlie,450203,2018,167.0,609,130,18,201,64,28.9,9.2,58,0,15,3.13,.213,18,16,4,.204,.324,.298,.120,87.5,32,5.8,4.4,31,28.5,64.4,94.9,2213,29.3,2923,21.1,6.3,87.3,2122,19.2,
Lester, Jon,452657,2018,181.2,681,174,24,149,64,19.6,8.4,67,0,18,3.32,.256,15,6,3,.267,.450,.336,.183,88.7,39.3,6.8,7.2,35.4,20.3,75,90,2269,15.7,2571,13.2,9.2,84.9,1805,15.2,
LeBlanc, Wade,453281,2018,162.0,614,151,24,130,40,19.6,6.0,67,0,9,3.72,.246,10,3,4,.249,.429,.298,.180,87.4,36.2,9,5.3,34.6,21.7,61.1,85,1940,9.1,2205,13.8,29.8,77.7,1522,15.6,
Scherzer, Max,453286,2018,220.2,797,150,23,300,51,34.6,5.9,62,0,18,2.53,.188,28,12,2,.185,.318,.245,.133,86.6,34,6.8,6.4,31.5,33,59.8,93.4,2477,24.5,2427,6.2,15.7,83.9,1457,15.4,
Arrieta, Jake,453562,2018,172.2,649,165,21,138,57,19.1,7.9,76,0,10,3.96,.254,15,7,8,.248,.390,.314,.142,87.8,32.9,5.6,4.8,31.7,19.1,55.5,93,2243,33.9,2559,11.2,10.6,88,1650,15.7,
Price, David,456034,2018,176.0,657,151,25,177,50,24.5,6.9,70,0,16,3.58,.230,18,10,4,.239,.408,.302,.169,88.7,33.2,7,6.4,35.7,22.8,74.9,91.2,2179,2.9,2207,8.3,22.2,85.3,1719,17.2,
Happ, J.A.,457918,2018,177.2,668,150,27,193,51,26.3,7.0,72,0,17,3.65,.225,15,9,2,.226,.398,.289,.172,88.4,30.9,8.8,3.8,34,24.1,73.3,91.9,2297,14.4,2180,7,12.3,86,1619,16.7,
Gonzalez, Gio,461829,2018,171.0,652,167,17,148,80,19.8,10.7,80,0,10,4.21,.256,11,2,9,.246,.396,.328,.150,87.7,34.1,5.6,6.2,34.2,23.8,56.8,89.8,2177,20.3,2713,20.3,23,82.8,1629,15.2,
Chacin, Jhoulys,468504,2018,192.2,697,153,18,156,71,19.6,8.9,75,0,15,3.50,.220,12,11,9,.243,.395,.321,.152,88.9,32.6,6.3,5.6,37.6,21.2,47.7,90.1,2056,45.3,2367,13.8,7,85.1,1533,11.2,
Carrasco, Carlos,471911,2018,192.0,726,173,21,231,43,29.5,5.5,72,0,17,3.38,.238,19,6,5,.222,.360,.271,.138,89.7,32.9,6,6.7,38.9,33,44.6,93.5,2309,39.1,2680,6.1,16.3,88,1507,11.1,
Quintana, Jose,500779,2018,174.1,658,162,25,158,68,21.4,9.2,78,0,13,4.03,.246,13,3,2,.245,.411,.318,.166,89.4,33.7,6.1,5.7,37.6,20.6,68.3,91.5,2008,24.9,2176,12.6,6.8,86.3,1275,12.7,
Gibson, Kyle,502043,2018,196.2,733,177,23,179,79,21.7,9.6,79,0,10,3.62,.241,18,4,7,.249,.388,.324,.140,88,30.9,5.7,6.7,36.4,26.7,57.7,93,2140,31.3,2472,7.1,11,85.6,1696,14.9,
Leake, Mike,502190,2018,185.2,739,207,23,119,34,15.2,4.3,90,0,10,4.36,.280,18,6,3,.297,.469,.333,.172,89.8,35.4,6.7,6.6,39.4,16.7,59.4,88.2,2083,21.9,2504,13.1,18.7,83.7,1769,14.7,
Holland, Derek,502706,2018,171.1,640,154,19,169,67,23.2,9.2,68,0,7,3.57,.241,11,4,7,.238,.398,.313,.160,88.3,34.3,6.6,7.2,35.2,23.8,56.9,91.5,2353,34.3,2141,4.4,8.8,82.9,2125,18.8,
Porcello, Rick,519144,2018,191.1,735,177,27,190,48,23.5,5.9,91,0,17,4.28,.241,16,16,6,.243,.402,.303,.159,89,33.8,7,5.6,35.7,20.5,49.8,90.4,2385,38.4,2653,11.4,11.7,81.4,1760,17.1,
Teheran, Julio,527054,2018,175.2,623,122,26,162,84,22.4,11.6,77,0,9,3.94,.196,17,9,5,.229,.404,.328,.175,88.7,34.5,7.2,7.7,36.7,28.4,61.9,89.7,2272,28.5,2607,8.1,9.5,82.6,1615,16.5,
Anderson, Tyler,542881,2018,176.0,665,165,30,164,59,22.3,8.0,89,0,7,4.55,.248,16,3,7,.231,.382,.297,.151,87.6,36.2,6.3,7.2,31,25.2,73.3,90.2,2330,3.8,2336,11.2,22.9,81.2,1901,16.4,
Cole, Gerrit,543037,2018,200.1,723,143,19,276,64,34.5,8.0,64,0,15,2.88,.198,20,7,3,.197,.335,.269,.138,89.1,35.8,6.2,9.3,39.8,30.8,56.4,96.5,2372,39.2,2706,11.9,4.5,87.7,1667,18.5,
Hendricks, Kyle,543294,2018,199.0,745,184,22,161,44,19.8,5.4,76,0,14,3.44,.247,17,9,7,.241,.385,.292,.143,86.5,32.6,5.7,5.5,30.8,21.7,61.8,86.8,1983,7.6,2795,19.3,30.6,78.6,2090,16.7,
Odorizzi, Jake,543606,2018,164.1,625,151,20,162,70,22.8,9.8,82,0,7,4.49,.242,10,8,4,.237,.412,.323,.175,89.1,35.2,7.4,8.7,39,24.7,56.5,90.9,2253,25.9,2219,10.9,17.7,84.2,1605,14.6,
Roark, Tanner,543699,2018,180.1,690,181,24,146,50,19.2,6.6,87,0,9,4.34,.262,17,10,6,.254,.415,.312,.162,88.1,32.7,6,7,33.6,20.1,61.4,91.3,2069,26.7,2527,14.3,11.9,83.4,1731,17.9,
Bauer, Trevor,545333,2018,175.1,645,134,9,221,57,30.8,7.9,43,1,12,2.21,.208,20,9,3,.196,.307,.270,.110,87.8,33,4.4,7,29.1,31.5,52.5,93,2373,40.5,2623,18.2,7,87,1852,17.4,
Wheeler, Zack,554430,2018,182.1,668,150,14,179,55,24.1,7.4,67,0,12,3.31,.225,18,9,4,.217,.331,.285,.114,86.1,32.9,4.8,4.2,27.1,24.5,57.5,95.9,2291,29.8,2415,9.6,12.8,89.1,1631,15.8,
Urena, Jose,570632,2018,174.0,640,155,19,130,51,18.3,7.2,77,0,9,3.98,.242,12,12,4,.248,.392,.316,.144,88.5,30.3,6.2,6.2,36.2,20.2,57.7,95.8,2125,23.4,2244,9,19,89.9,1813,18.9,
Boyd, Matthew,571510,2018,170.1,639,146,27,159,51,22.4,7.2,83,0,9,4.39,.228,14,11,6,.209,.373,.279,.163,87.4,34.6,6.4,8.6,32.1,23.4,48.8,90.4,2281,43.2,2308,7.6,8,78.6,1760,14.8,
Corbin, Patrick,571578,2018,200.0,742,162,15,246,48,30.8,6.0,70,0,11,3.15,.218,19,5,2,.232,.358,.283,.127,88.3,31.1,5.8,6.2,35.6,34.3,48.6,90.8,2236,50.3,2333,3.9,1.1,81,1710,16.1,
Fiers, Mike,571666,2018,172.0,666,166,32,139,37,19.5,5.2,68,0,12,3.56,.249,15,8,2,.252,.475,.300,.223,90,33.2,10.4,5.7,37.4,19.8,48.5,89.4,2294,33.3,2571,16.3,18.3,83.3,1894,17.5,
Heaney, Andrew,571760,2018,180.0,689,171,27,180,45,24.0,6.0,83,0,9,4.15,.248,17,8,5,.243,.403,.298,.160,87.7,36.2,7.8,6,37.2,26.3,58.2,91.9,2467,25.2,2383,6.5,16.6,83.3,1931,18.3,
Mikolas, Miles,571945,2018,200.2,760,186,16,146,29,18.1,3.6,63,0,18,2.83,.245,20,7,4,.243,.375,.277,.131,86.7,31.5,5.1,4.5,29.4,20.2,48.3,93.9,2268,47.2,2476,11,4.4,88.4,1680,16.6,
Keuchel, Dallas,572971,2018,204.2,802,211,18,153,58,17.5,6.6,85,0,12,3.74,.263,20,2,9,.247,.364,.299,.117,87.3,29.2,4.7,4.1,32.8,19.7,68.8,88.6,2090,18.4,2190,11.6,12.8,79.6,1544,15.8,
Foltynewicz, Mike,592314,2018,183.0,666,130,17,202,68,27.2,9.1,58,0,13,2.85,.195,12,6,1,.202,.330,.282,.128,88.6,30.8,6.9,4.3,34.5,25.1,56.5,96.4,2320,37.4,2513,6.3,6.2,87.8,1909,18.5,
Gausman, Kevin,592332,2018,183.2,715,189,26,148,50,19.1,6.4,80,0,10,3.92,.264,16,7,4,.268,.444,.321,.176,89.1,33.5,7.4,6.3,40.8,24.7,58.5,93.6,2168,14.4,2210,3.5,27.2,82.6,1478,15.1,
Gray, Jon,592351,2018,172.1,677,180,27,183,52,24.6,7.0,98,0,12,5.12,.266,13,6,3,.247,.393,.306,.146,89.8,32.1,6,6,37.3,28.8,49.7,94.7,2014,48.7,2265,7.7,1.6,86.3,1557,14.5,
Taillon, Jameson,592791,2018,191.0,727,179,20,179,46,22.8,5.9,68,0,14,3.20,.246,20,6,2,.235,.368,.286,.132,87.8,35,4.3,5.4,31.8,23.8,57.3,95.2,2302,38.1,2527,12.9,4.5,87.9,1709,13.6,
Williams, Trevor,592866,2018,170.2,632,146,15,126,55,18.0,7.8,59,0,14,3.11,.231,17,4,4,.246,.391,.309,.145,86.9,34.3,5.8,4.3,31,18.7,69.4,90.4,2094,15.3,2199,7.1,15.3,83.2,1681,16.3,
deGrom, Jacob,594798,2018,217.0,776,152,10,269,46,32.2,5.5,41,0,10,1.70,.196,28,5,5,.190,.276,.240,.086,86.1,31.3,3.9,3.7,27.9,31,51.7,95.9,2343,32.2,2512,7.3,16.1,88.9,1701,14.1,
Gonzales, Marco,594835,2018,166.2,643,172,17,145,32,21.1,4.7,74,0,13,4.00,.267,13,6,4,.263,.409,.303,.146,88.6,38,5.6,6.2,35,21,54.6,88.9,2296,22.3,2450,15.4,23.1,83.6,2206,19.4,
Junis, Jakob,596001,2018,177.0,688,182,32,164,43,21.6,5.7,86,0,9,4.37,.265,14,15,8,.248,.434,.307,.186,88.7,34.5,8.6,4.1,35.4,22,53.3,91,2007,40.8,2456,15.1,5.9,84.7,1488,11,
Pivetta, Nick,601713,2018,164.0,624,163,24,188,51,27.1,7.3,87,0,7,4.77,.261,9,5,5,.213,.363,.277,.150,88.8,33,7.8,4.2,34.8,27.2,58.9,94.8,2257,38.8,2692,14.7,2.2,87.1,1856,17.3,
Bundy, Dylan,605164,2018,171.2,685,188,41,184,54,24.5,7.2,104,0,8,5.45,.274,15,6,2,.244,.438,.304,.194,89.2,37.9,8.5,8.7,37.2,26.8,55.8,91.6,2396,34,2414,7.8,10.2,83.7,1740,17.5,
Clevinger, Mike,605182,2018,200.0,737,164,21,207,67,25.6,8.3,67,0,13,3.02,.223,21,4,1,.212,.351,.281,.139,87.2,32,5.6,8.7,31.8,27.8,52.9,93.6,2298,33,2317,16.6,14.1,87.6,1500,16.4,
Nola, Aaron,605400,2018,212.1,756,149,17,224,58,27.0,7.0,56,0,17,2.37,.197,25,7,4,.201,.313,.263,.112,87.1,27.9,4.6,4.4,31.2,27.5,49.3,92.4,2101,30.9,2545,19.5,19.8,84.8,1478,14.9,
Snell, Blake,605483,2018,180.2,630,112,16,221,64,31.6,9.1,38,0,21,1.89,.178,19,1,3,.202,.341,.276,.139,87.5,33.1,7.2,4.8,32.7,34.6,51.5,95.8,2364,29.3,2481,11,19.2,87.5,1777,18.1,
Freeland, Kyle,607536,2018,202.1,757,182,17,173,70,20.5,8.3,64,0,17,2.85,.240,24,6,6,.237,.371,.305,.134,86.8,30.9,5.2,3.9,29.1,21.5,52.4,91.5,2253,33.9,2197,5.4,13.7,85.5,1393,12.6,
Giolito, Lucas,608337,2018,173.1,664,166,27,125,90,16.1,11.6,118,0,10,6.13,.250,15,15,5,.254,.430,.355,.176,88.7,30.5,7,4.8,37.1,21.4,59.5,92.4,2066,24.9,2155,9.5,15.7,81.7,1651,14.4,
Marquez, German,608566,2018,196.0,742,179,24,230,57,28.2,7.0,82,0,14,3.77,.241,20,8,6,.224,.354,.285,.131,89.5,31.7,5.6,6.5,38.9,28.1,55,95.2,2198,38.6,2550,7.4,6.4,85.7,1730,15.4,
Berrios, Jose,621244,2018,192.1,717,159,25,202,61,25.3,7.7,82,0,12,3.84,.222,17,13,4,.215,.351,.288,.136,87.3,28.8,6,5,34.4,25.6,60.4,93.2,2183,30.5,2360,15.7,9.1,83.7,1633,15.3,
Castillo, Luis,622491,2018,169.2,645,158,28,165,49,23.3,6.9,81,0,10,4.30,.245,11,5,6,.244,.424,.302,.180,88.8,33.7,8.8,7.4,39.5,28.6,57.2,95.7,2165,16.4,2206,2.5,26.4,86.2,1931,17.3,
Severino, Luis,622663,2018,191.1,726,173,19,220,46,28.2,5.9,72,0,19,3.39,.238,17,5,2,.238,.391,.288,.153,88.4,36.7,7.7,5.1,34.7,26.8,50.5,97.6,2365,36,2872,10.6,13.6,88.1,1648,16.1,
Lopez, Reynaldo,625643,2018,188.2,705,165,25,151,75,18.9,9.4,82,0,7,3.91,.234,19,10,9,.252,.431,.331,.179,88.3,37.5,7.3,6.6,36.1,21.3,60.8,95.5,2102,23.7,2105,5.7,15.5,83.6,1541,15.7,
Godley, Zack,643327,2018,178.1,682,177,16,185,81,23.4,10.2,94,0,15,4.74,.260,14,12,8,.253,.399,.342,.147,89.6,33.3,6.4,5.7,38.8,27.3,54.4,89.5,2219,40.3,2178,10.5,5.3,81.1,1287,9,
Newcomb, Sean,656794,2018,164.0,607,137,18,160,81,23.0,11.6,71,0,12,3.90,.226,16,1,3,.220,.348,.312,.127,87.8,32.2,4.2,6.6,31.9,24.7,62.3,93,2179,18.6,2683,18.4,19.2,86.3,1619,15.4,
Colon, Bartolo,112526,2016,191.2,745,200,24,128,32,16.2,4.0,73,0,15,3.43,.268,19,3,4,.267,.424,.300,.157,90,29.9,5.3,6.2,38.3,13.4,89.4,88.4,2148,6.4,2282,8.2,4.2,81.5,1683,18.6,
Sabathia, CC,282332,2016,179.2,687,172,22,152,65,19.8,8.5,78,0,9,3.91,.250,16,9,2,.219,.348,.294,.129,85.1,27.5,4.4,5,27.2,22.9,71.4,89.3,2104,22.9,2085,12,5.8,82.5,1957,14.9,
Dickey, R.A.,285079,2016,169.2,655,169,28,126,63,17.3,8.7,84,0,10,4.46,.258,13,6,3,.274,.466,.342,.192,87.6,34.7,7.3,5.1,35.6,23.6,13,82.9,1889,87,1592,10.4,,,,,
Lackey, John,407793,2016,188.1,670,146,23,180,53,24.1,7.1,70,0,11,3.35,.218,20,9,8,.238,.395,.303,.157,89.7,32.6,5.9,6.3,39.5,25.2,81,90,2244,13.5,2329,7.9,5.5,84.9,1871,19.5,
Wainwright, Adam,425794,2016,198.2,766,220,22,161,59,19.0,7.0,102,0,13,4.62,.287,18,5,9,.273,.423,.328,.151,86.9,37.5,5.9,5.1,30.4,19.8,70.5,88.8,2241,26.9,2657,18.8,2.6,83.3,1583,16.6,
Santana, Ervin,429722,2016,181.1,685,168,19,149,53,19.9,7.1,68,0,7,3.38,.245,17,4,5,.245,.398,.302,.153,88.3,32.8,5.9,4.2,32.7,22.8,52.8,93.3,2243,39.5,2081,9.4,7.7,85.6,1456,17.9,
Hamels, Cole,430935,2016,200.2,760,185,24,200,77,23.6,9.1,74,0,15,3.32,.243,22,8,2,.240,.388,.316,.148,87.6,32,6,5.2,36.3,26.8,67.2,92,2071,14.6,2141,8.8,18.3,84.8,1623,18.8,
Verlander, Justin,434378,2016,227.2,827,171,30,254,57,28.1,6.3,77,0,16,3.04,.207,27,8,7,.204,.359,.262,.155,87.9,29.8,7.5,4.5,33,26.7,57.8,94.1,2558,33.7,2612,11.7,8.5,85.9,2057,21.3,
Liriano, Francisco,434538,2016,163.0,624,157,26,168,85,23.0,11.6,85,0,8,4.69,.252,13,9,6,.234,.383,.333,.149,88.4,28.6,6.4,6,33.5,27.9,51.2,93.3,2040,29.2,2231,7.7,19.5,85.9,1784,17.1,
Hammel, Jason,434628,2016,166.2,620,148,25,144,53,20.8,7.7,71,0,15,3.83,.239,16,9,3,.247,.428,.314,.181,90,33.5,7.2,5.3,37.4,23.5,50.7,92.7,2198,46.6,2319,7.3,2.7,85.4,1692,18.1,
Nolasco, Ricky,445060,2016,197.2,756,202,26,144,44,17.6,5.4,97,0,8,4.42,.267,16,5,9,.260,.430,.304,.170,88.7,33.8,6.4,6.1,36.1,20.7,48.6,90.9,2041,43.9,2302,7.1,7.4,80,1386,12.6,
Kluber, Corey,446372,2016,215.0,788,170,22,227,57,26.4,6.6,75,0,18,3.14,.216,22,7,2,.222,.359,.280,.137,86.7,34.4,6,4.7,30.6,28.1,52.8,93.1,2308,42.7,2622,12.6,4.5,85.8,1673,15.2,
Shields, James,448306,2016,181.2,723,208,40,135,82,16.4,10.0,118,0,6,5.85,.288,18,8,5,.275,.476,.354,.201,88.7,34.6,8.4,5.9,33.3,22.2,62.3,89.7,2276,16.5,2531,10.1,21.3,84.3,1765,18.4,
Garcia, Jaime,448802,2016,171.2,668,179,26,150,57,20.2,7.7,89,0,10,4.67,.268,10,7,2,.247,.393,.312,.146,88.7,28.1,5.7,4.4,35.5,21.1,63.4,91.1,2343,18.5,2806,13.5,18.1,82.8,2019,15.7,
Volquez, Edinson,450172,2016,189.1,758,217,23,139,76,16.3,8.9,113,0,10,5.37,.286,14,7,6,.265,.436,.337,.171,88.8,30.9,6.2,5.2,35.2,19.8,53.3,93.8,2308,24.5,2818,10.8,22.2,84,1201,14.3,
Weaver, Jered,450308,2016,178.0,704,209,37,103,51,13.4,6.6,100,0,12,5.06,.297,13,4,6,.276,.486,.327,.210,88.2,38.3,7.4,6.1,32.3,18.5,44.2,83.5,2213,38.7,2457,9.7,17.1,74.9,1850,21.2,
Fister, Doug,450729,2016,180.1,706,195,24,115,62,14.8,8.0,93,0,12,4.64,.276,16,7,3,.266,.425,.331,.159,87.5,34.2,4.5,8.1,35.9,15.6,78.9,86.8,1998,14.7,2060,14.3,6.4,79.5,1640,15.9,
Lester, Jon,452657,2016,202.2,730,154,21,197,52,24.7,6.5,55,0,19,2.44,.211,26,6,4,.214,.331,.271,.117,87.4,31.2,4.1,4.6,29.8,23.8,82.5,91.7,2283,12.6,2532,11.8,4.9,85.4,1744,16.8,
Kennedy, Ian,453178,2016,195.2,733,173,33,184,66,22.5,8.1,80,0,11,3.68,.236,15,13,5,.236,.426,.309,.190,89.3,32.4,7.7,7.4,39.1,23.3,66.3,92.8,2388,22,2308,11.9,11.8,84.5,1887,20.1,
Scherzer, Max,453286,2016,228.1,830,165,31,284,56,31.5,6.2,75,0,20,2.96,.199,26,6,3,.191,.325,.247,.133,87.2,30.8,6.1,4.9,30.7,32.2,57.3,94.8,2549,30.7,2379,6.5,12,85.9,1514,18.2,
Arrieta, Jake,453562,2016,197.1,710,138,16,190,76,23.9,9.6,68,0,18,3.10,.194,17,6,1,.222,.344,.302,.122,86.7,30.8,4.8,5,30.2,25,65,94.4,2307,30.2,2581,11.2,4.8,89.3,2070,19.4,
Price, David,456034,2016,230.0,879,227,30,228,50,24.0,5.3,102,0,17,3.99,.258,22,7,7,.240,.398,.286,.158,87.8,32.4,6.3,3.3,33.2,24.8,68.6,92.1,2120,8.7,2203,7.7,22.7,85.1,1806,20.9,
Cueto, Johnny,456501,2016,219.2,818,195,15,198,45,22.5,5.1,68,0,18,2.79,.238,22,8,3,.241,.365,.287,.123,87.8,30.2,4.4,5.1,33.7,21.6,61.9,91.2,2280,18.3,2280,7.4,19.8,83.3,1573,14.4,
Happ, J.A.,457918,2016,195.0,726,168,22,163,60,20.5,7.5,69,0,20,3.18,.231,21,6,2,.253,.415,.315,.162,89.5,32.1,7.4,5.3,37.3,22.2,73.5,92.2,2348,20.2,2212,7.8,6.3,84.4,1934,22.4,
Tomlin, Josh,458708,2016,174.0,694,187,36,118,20,16.3,2.8,85,0,13,4.40,.269,17,3,4,.272,.470,.294,.198,87.9,35.4,7.2,5.3,33.1,16.8,77,87.2,2508,15,2753,12.7,8,83.8,1735,16.9,
Gonzalez, Gio,461829,2016,177.1,684,179,19,171,59,22.4,7.7,90,0,11,4.57,.262,16,9,5,.244,.394,.311,.150,88.7,31.2,5.9,6.3,34.9,23,63.6,91.4,2226,20.1,2842,16.1,16.3,84.3,1708,16.4,
Estrada, Marco,462136,2016,176.0,651,132,23,165,65,22.8,9.0,68,0,9,3.48,.203,18,4,3,.215,.367,.290,.152,88.1,31.9,7.4,4.1,32.4,26.1,61.6,88.2,2413,9.9,2687,12.5,28.5,77.5,2142,24.1,
Nova, Ivan,467100,2016,162.0,636,175,23,127,28,18.6,4.1,75,1,12,4.17,.275,10,9,6,.257,.430,.297,.174,90.7,32.1,6.7,6.7,41.8,20.3,64.5,93.2,2171,30.9,2282,6.7,4.6,86.9,2006,19.1,
Hellickson, Jeremy,476451,2016,189.0,711,173,24,154,45,19.9,5.8,78,0,12,3.71,.243,17,6,6,.255,.423,.304,.169,87.6,37.4,6.9,4.4,28.7,23.9,49,90.6,2091,24.8,2736,15.1,26.2,81.1,1791,18.3,
Miley, Wade,489119,2016,166.0,649,187,25,137,49,19.3,6.9,99,0,9,5.37,.288,12,6,5,.273,.455,.332,.182,89,35.1,6.7,6.4,37.7,20.6,49.8,90.9,2160,32.4,2329,7.7,17.9,83.1,1933,19.9,
Quintana, Jose,500779,2016,208.0,779,192,22,181,50,21.6,6.0,74,0,13,3.20,.246,23,4,2,.245,.372,.294,.127,88.2,33.1,4.5,7.1,34.4,18.6,67.2,92.6,2042,25,2134,7.7,7.8,86.6,1322,17.5,
Pineda, Michael,501381,2016,175.2,693,184,27,207,53,27.4,7.0,94,0,6,4.82,.266,11,6,3,.234,.409,.294,.175,89.8,35.6,6.7,6.1,39.3,31.1,51.5,94.7,2083,40.1,2004,4.8,8.3,89.1,1896,19.6,
Tillman, Chris,501957,2016,172.0,636,155,19,140,66,19.6,9.2,72,0,16,3.77,.244,16,7,4,.254,.420,.331,.166,89.1,34.7,7.8,4.6,35.3,21.8,56.6,92.3,2303,28,2183,11.5,15.4,84.3,1651,19.4,
Archer, Chris,502042,2016,201.1,769,183,30,233,67,27.4,7.9,90,0,9,4.02,.238,19,3,4,.229,.403,.292,.175,90.2,29.7,8.4,4.6,40.6,29.6,48.5,95,2190,40.6,2315,7.5,10.9,87.4,1810,15.7,
Samardzija, Jeff,502188,2016,203.1,764,190,24,167,54,20.1,6.5,86,0,12,3.81,.249,17,1,4,.247,.413,.296,.166,88.7,31.1,6.1,6.6,35.3,20.5,67.2,94.4,2451,25,2387,7.7,7.8,86.3,1595,16.9,
Leake, Mike,502190,2016,176.2,705,203,20,125,30,16.5,4.0,92,0,9,4.69,.288,16,7,10,.273,.439,.306,.165,89,29.7,6.2,4.7,37.6,15.9,76.3,90.8,2121,15.1,2525,10.4,8.6,85.6,1837,16,
Santiago, Hector,502327,2016,182.0,690,169,33,144,79,18.3,10.1,95,0,13,4.70,.245,13,5,6,.253,.481,.333,.228,89.7,33,9.3,8.3,39.5,19.8,69.6,91.5,2242,9.1,2140,8.1,21.4,83.4,2004,21.9,
Bettis, Chad,518452,2016,186.0,735,204,22,138,59,17.0,7.2,99,0,14,4.79,.278,17,7,3,.270,.425,.329,.156,88.7,31.1,5.6,5.2,34.8,21.2,58.6,92.1,1945,29.7,2142,8.5,11.7,86.6,1521,11.8,
Bumgarner, Madison,518516,2016,226.2,841,179,26,251,54,27.5,5.9,69,0,15,2.74,.213,25,8,6,.209,.361,.263,.152,88.5,29.5,6.7,5.3,32,25.7,51,91.3,2303,45.3,2328,11.9,3.7,84.3,1720,17.2,
Duffy, Danny,518633,2016,179.2,676,163,27,188,42,25.7,5.7,70,0,12,3.51,.241,16,7,2,.234,.419,.285,.185,89.5,34.8,7.9,6.3,36.3,27.2,59.5,95.4,2216,23.1,2312,7.6,17.3,85.8,2512,21.6,
Moore, Matt,519043,2016,198.1,752,184,25,178,72,21.2,8.6,90,0,13,4.08,.245,18,6,4,.229,.392,.300,.164,88.8,30.9,6.4,4.6,33.3,23.9,64.9,93.3,2279,22.5,2514,10.2,12.6,84.9,1564,18.9,
Nelson, Jimmy,519076,2016,179.1,693,186,25,140,86,17.3,10.7,92,0,8,4.62,.268,13,17,4,.245,.392,.342,.147,88.7,27.8,5.5,4.3,35.2,18.6,71,93.7,2220,28.2,2363,8.9,0.8,86.4,2004,17.1,
Pomeranz, Drew,519141,2016,170.2,631,137,22,186,65,26.5,9.2,63,0,11,3.32,.217,16,1,3,.203,.346,.279,.143,88.1,28.4,7.3,5.3,34.4,25.5,51.2,90.5,2449,39.3,2160,14.3,9.6,87,2299,21.6,
Porcello, Rick,519144,2016,223.0,840,193,23,189,32,21.2,3.6,78,0,22,3.15,.230,26,13,3,.241,.408,.279,.167,88.4,32.8,7,6.6,35.4,18.5,60.1,90.9,2395,26.5,2654,13.8,13.4,81.4,1688,17,
Sale, Chris,519242,2016,226.2,837,190,27,233,45,25.7,5.0,84,0,17,3.34,.227,23,17,3,.231,.375,.286,.144,88.7,33.5,5.7,5.4,33.7,24.6,55.2,93.7,2235,25.3,2251,12,19.5,86.8,2137,20.3,
Perez, Martin,527048,2016,198.2,758,205,18,103,76,12.0,8.9,97,0,10,4.39,.270,19,4,8,.284,.451,.352,.166,89.6,31.5,6,6.5,37.6,18.1,62.1,93.3,2063,20.8,2303,6.6,17.1,84.9,1707,19.6,
Teheran, Julio,527054,2016,188.0,703,157,22,167,41,22.0,5.4,67,0,7,3.21,.223,16,9,1,.230,.399,.281,.169,88.8,33.1,6.5,4.8,34.1,24,55.7,91.5,2254,35.4,2373,7.2,8.9,82.9,1518,18.2,
Hendricks, Kyle,543294,2016,190.0,686,142,15,170,44,22.8,5.9,45,0,16,2.13,.207,20,8,3,.204,.307,.260,.103,86.6,28.9,3.4,4.2,27.5,24.7,65.6,88.3,2018,7.7,2880,13.9,26.7,80.7,2113,14.9,
Koehler, Tom,543408,2016,176.2,675,176,22,147,83,19.0,10.7,85,0,9,4.33,.261,16,5,5,.256,.411,.342,.154,87.8,36.4,6.7,3.5,34,23.2,46.3,92.5,2093,47.1,2329,11.2,6.6,85.2,1614,18,
McHugh, Collin,543521,2016,184.2,730,206,25,177,54,22.2,6.8,89,0,13,4.34,.282,16,5,5,.226,.360,.283,.134,87,33.6,4.7,4.7,29.2,23.8,64.7,89.2,2341,30,2619,18.4,5.2,84.1,1650,15.1,
Odorizzi, Jake,543606,2016,187.2,706,170,29,166,54,21.5,7.0,77,0,10,3.69,.241,17,4,6,.249,.424,.306,.175,89.9,34.6,8.4,5.5,35.8,21.7,66.6,91.7,2256,13.6,2203,12.4,19.8,85.3,1514,17.1,
Roark, Tanner,543699,2016,210.0,758,173,17,172,73,20.1,8.5,66,0,16,2.83,.228,22,13,1,.238,.374,.315,.137,87.4,30.5,5.4,4,30.4,21.7,62.4,92.7,2076,27.8,2555,9.6,9.8,84.4,1846,20.1,
Bauer, Trevor,545333,2016,190.0,721,179,20,168,70,20.7,8.6,90,0,12,4.26,.248,16,9,7,.252,.396,.326,.143,89.6,30.3,5.7,4.8,41.2,22.5,67.9,92.8,2288,19.8,2513,16.8,12.3,87,1739,17.9,
Iwakuma, Hisashi,547874,2016,199.0,772,218,28,147,46,17.6,5.5,91,0,16,4.12,.282,19,5,7,.270,.436,.315,.166,88.7,33.5,5.8,4.9,34.3,17.4,53.2,88.1,2129,27.5,2230,10.1,19.2,83.7,1541,15.3,
Tanaka, Masahiro,547888,2016,199.2,759,179,22,165,36,20.5,4.5,68,0,14,3.07,.236,19,3,3,.245,.378,.281,.134,88.9,31.6,4.3,6,37.3,23.3,37.1,90.9,2096,32.9,2237,9.4,29.9,87.2,1594,15.3,
Ventura, Yordano,570649,2016,186.0,723,190,23,144,78,17.6,9.6,92,0,11,4.45,.263,16,8,4,.264,.442,.342,.178,89.8,30.2,7.8,4.4,38.4,22,56.2,96.8,2122,25.3,2626,8.9,18.5,86.7,1502,16.4,
Fiers, Mike,571666,2016,168.2,667,187,26,134,42,18.5,5.8,84,0,11,4.48,.280,14,7,5,.272,.444,.320,.172,89.8,35.5,6.1,5.5,39.4,21.5,54.1,89.4,2215,26.4,2581,17.2,19.5,83.1,1765,15.7,
Keuchel, Dallas,572971,2016,168.0,648,168,20,144,48,20.5,6.8,85,0,9,4.55,.259,16,2,1,.253,.393,.306,.140,88.4,29.6,6.9,4.5,37,22.9,64.5,88.5,2099,26.2,2201,11.6,9.3,80,1598,18,
Straily, Dan,573185,2016,191.1,699,154,31,162,73,20.5,9.2,80,0,14,3.76,.220,20,11,3,.240,.418,.322,.178,88.8,35.7,7.5,6.2,35.1,23.2,51.3,89.8,2205,30.8,2322,7.8,17.9,82.9,1314,13.8,
Stroman, Marcus,573186,2016,204.0,792,209,21,166,54,19.4,6.3,99,0,9,4.37,.264,18,4,2,.254,.383,.306,.128,90.4,26.5,4.9,5.7,42.4,21.3,75.5,92.3,2306,19.3,2654,10.3,5.1,85.1,1444,17.2,
Gausman, Kevin,592332,2016,179.2,698,183,28,174,47,23.0,6.2,72,0,9,3.61,.262,18,5,3,.243,.407,.295,.164,88.6,31.5,7.2,3.4,34.4,25.4,65.9,95.3,2303,13.4,2266,4.1,20.7,85.1,1585,17.8,
Gray, Jon,592351,2016,168.0,630,153,18,185,59,26.0,8.3,86,0,10,4.61,.243,16,12,5,.233,.375,.312,.142,88.2,36,6.2,5.1,35,26.5,55.3,95.8,2183,37.3,2440,9.8,7.4,85.9,1683,17.3,
Ray, Robbie,592662,2016,174.1,694,185,24,218,71,28.1,9.1,95,0,8,4.90,.267,10,6,2,.240,.396,.315,.157,89.9,32.2,6.9,6.4,40,26.6,71.4,94.7,2274,22.6,2152,6.9,6,87.2,1918,18.2,
Sanchez, Aaron,592717,2016,192.0,719,161,15,161,63,20.4,8.0,64,0,15,3.00,.224,23,5,2,.249,.396,.314,.147,90,27.5,6.1,5.7,40,20.9,75,95.4,2270,16.2,2844,17.5,8.8,88.8,2051,21.3,
Smyly, Drew,592767,2016,175.1,671,174,32,167,49,22.6,6.6,95,0,7,4.88,.259,13,2,11,.231,.404,.285,.173,87.8,34,6.7,5.4,31.1,24.7,71.4,89.7,2170,22.9,1762,8.5,5.7,80.3,1477,20.5,
Syndergaard, Noah,592789,2016,183.2,692,168,11,218,43,29.3,5.8,53,0,14,2.60,.243,20,2,4,.217,.320,.264,.103,87.6,31.8,3.5,6,32,30.3,59.2,98.6,2183,29.7,2112,7.6,11.2,90.3,1765,19.5,
Martinez, Carlos,593372,2016,195.1,724,169,15,174,70,21.5,8.7,66,0,16,3.04,.233,20,11,2,.223,.325,.300,.102,87.2,24.7,3.8,4.2,30.6,22.7,57.1,96.4,2085,23.4,2146,8.2,19.4,87.6,2009,18,
Eickhoff, Jerad,595191,2016,197.1,745,187,30,167,42,20.6,5.2,80,0,11,3.65,.251,20,8,10,.234,.383,.283,.149,88.6,32.8,5.7,6.1,35,21.5,52.8,91.6,2209,42.1,2433,10.5,5.1,84.6,1806,20.7,
Davies, Zach,605200,2016,163.1,631,166,20,135,38,19.8,5.6,72,0,11,3.97,.263,15,6,4,.235,.364,.285,.129,87.6,31.2,5.2,3.2,29.6,19.9,68.6,89.1,2106,10.7,2544,16.5,20.7,79,1743,18.8,
Fernandez, Jose,605228,2016,182.1,664,149,13,253,55,34.3,7.5,58,0,16,2.86,.224,19,6,5,.218,.326,.283,.108,89.2,36.2,3.8,5,36.3,32.7,53.9,95.8,2431,33.6,2379,10.7,12.5,88.8,1552,18.3,
Finnegan, Brandon,605232,2016,172.0,636,150,29,145,84,19.8,11.4,76,0,10,3.98,.236,15,4,5,.256,.440,.347,.184,88.3,38.9,8,5.4,35.7,22.5,65.2,92.3,2187,23.4,2142,6.6,11.5,85.5,1646,17.3,
Rodon, Carlos,607074,2016,165.0,644,176,23,168,54,23.5,7.6,74,0,9,4.04,.273,17,6,6,.238,.367,.302,.130,88.9,32.5,4.5,5.6,36.4,23.5,63.8,94,2178,25.6,2315,9.7,10.6,84.1,1610,15.8,
Graveman, Kendall,608665,2016,186.0,723,196,22,108,47,13.7,6.0,85,0,10,4.11,.271,16,7,6,.283,.449,.332,.166,89.6,30,5.5,6.3,39.6,18.1,86.2,92.1,2301,6.4,2320,10.8,7.3,85.6,1700,15,
Maeda, Kenta,628317,2016,175.2,655,150,20,179,50,25.0,7.0,68,0,16,3.48,.229,14,8,3,.222,.354,.285,.132,85.7,34.9,5.4,3.5,25.5,27.4,42.9,90.6,2302,47.4,2454,12.2,9.6,83.1,1740,19,